time,Eating,Eggs,Hunting,JPO_egg_counter,Mating,Swimming,boxnumber,day,eggnumber,gonad_identifyer,gonad_maturity,gonad_weight,identifyer,length,liver_co,liver_identifyer,mass,oxygen,prey_availability,rep_cyc,res_box,sex,sex_gon,stc_identifyer,stc_prey_count,stc_variable,temperature
0.0,0.0,0.0,0.0,,0.0,0.0,,,,,,,1030.0,442.0,,,715.0,,,1.0,13.0,0.0,,,,,
0.0,0.0,0.0,0.0,,0.0,0.0,,,,,,,1029.0,442.0,,,715.0,,,1.0,13.0,1.0,,,,,
0.0,0.0,0.0,0.0,,0.0,0.0,25.0,0.0,,,,,,,,,,100.0,0.0,,,,,,,,10.0
0.0,0.0,0.0,0.0,,0.0,0.0,13.0,0.0,,,,,,,,,,100.0,0.0,,,,,,,,10.0
0.0,0.0,0.0,0.0,,0.0,0.0,37.0,0.0,,,,,,,,,,100.0,0.0,,,,,,,,10.0
0.0,0.0,0.0,0.0,,0.0,0.0,1.0,0.0,,,,,,,,,,100.0,0.0,,,,,,,,10.0
0.0,0.0,0.0,0.0,,0.0,0.0,,,,,,,,,,,,,,,,,,1029.0,0.0,1.0,
0.0,0.0,0.0,0.0,,0.0,0.0,,,,,,,,,,,,,,,,,,1030.0,0.0,1.0,
0.0,0.0,0.0,0.0,0.0,0.0,0.0,,,0.0,1029.0,0.0,0.0,,,,,,,,,,,1.0,,,,
0.0,0.0,0.0,0.0,0.0,0.0,0.0,,,0.0,1030.0,0.0,0.0,,,,,,,,,,,0.0,,,,
0.0,0.0,0.0,0.0,,0.0,0.0,,,,,,,,,0.0,1029.0,,,,,,,,,,,
0.0,0.0,0.0,0.0,,0.0,0.0,,,,,,,,,0.0,1030.0,,,,,,,,,,,
16800.0,77.0,0.0,15.0,,0.0,25966.0,,,,,,,1029.0,443.4682096486005,,,721.7453500000023,,,1.0,13.0,1.0,,,,,
16800.0,77.0,0.0,15.0,,0.0,25966.0,,,,,,,1030.0,444.8984483568693,,,732.4576599999067,,,1.0,13.0,0.0,,,,,
16800.0,77.0,0.0,15.0,,0.0,25966.0,25.0,7.0,,,,,,,,,,70.0,193.0,,,,,,,,7.0
16800.0,77.0,0.0,15.0,,0.0,25966.0,37.0,7.0,,,,,,,,,,67.0,2317.0,,,,,,,,8.0
16800.0,77.0,0.0,15.0,,0.0,25966.0,1.0,7.0,,,,,,,,,,83.0,2317.0,,,,,,,,6.0
16800.0,77.0,0.0,15.0,,0.0,25966.0,13.0,7.0,,,,,,,,,,99.0,648.0,,,,,,,,6.0
16800.0,77.0,0.0,15.0,,0.0,25966.0,,,,,,,,,,,,,,,,,,1029.0,52.363999999999976,1.0,
16800.0,77.0,0.0,15.0,,0.0,25966.0,,,,,,,,,,,,,,,,,,1030.0,61.164999999999985,1.0,
16800.0,77.0,0.0,15.0,0.0,0.0,25966.0,,,0.0,1029.0,0.0,0.0,,,,,,,,,,,1.0,,,,
16800.0,77.0,0.0,15.0,0.0,0.0,25966.0,,,0.0,1030.0,0.0,0.0,,,,,,,,,,,0.0,,,,
16800.0,77.0,0.0,15.0,,0.0,25966.0,,,,,,,,,0.7833800807833211,1029.0,,,,,,,,,,,
16800.0,77.0,0.0,15.0,,0.0,25966.0,,,,,,,,,1.0431627876512808,1030.0,,,,,,,,,,,
33600.0,159.0,0.0,33.0,,0.0,50893.0,,,,,,,1029.0,445.46806812794756,,,734.5095399999192,,,1.0,13.0,1.0,,,,,
33600.0,159.0,0.0,33.0,,0.0,50893.0,,,,,,,1030.0,447.1998541102853,,,747.2613599998167,,,1.0,13.0,0.0,,,,,
33600.0,159.0,0.0,33.0,,0.0,50893.0,37.0,14.0,,,,,,,,,,67.0,2317.0,,,,,,,,8.0
33600.0,159.0,0.0,33.0,,0.0,50893.0,1.0,14.0,,,,,,,,,,83.0,2317.0,,,,,,,,6.0
33600.0,159.0,0.0,33.0,,0.0,50893.0,13.0,14.0,,,,,,,,,,99.0,566.0,,,,,,,,6.0
33600.0,159.0,0.0,33.0,,0.0,50893.0,25.0,14.0,,,,,,,,,,70.0,193.0,,,,,,,,7.0
33600.0,159.0,0.0,33.0,,0.0,50893.0,,,,,,,,,,,,,,,,,,1030.0,123.01900000000015,1.0,
33600.0,159.0,0.0,33.0,,0.0,50893.0,,,,,,,,,,,,,,,,,,1029.0,111.64400000000012,1.0,
33600.0,159.0,0.0,33.0,0.0,0.0,50893.0,,,0.0,1030.0,0.0,0.0,,,,,,,,,,,0.0,,,,
33600.0,159.0,0.0,33.0,0.0,0.0,50893.0,,,0.0,1029.0,0.0,0.0,,,,,,,,,,,1.0,,,,
33600.0,159.0,0.0,33.0,,0.0,50893.0,,,,,,,,,2.837403567589758,1030.0,,,,,,,,,,,
33600.0,159.0,0.0,33.0,,0.0,50893.0,,,,,,,,,2.837386863909356,1029.0,,,,,,,,,,,
50400.0,300.0,0.0,54.0,,0.0,80985.0,,,,,,,1029.0,447.58170585652283,,,747.6354099998435,,,1.0,13.0,1.0,,,,,
50400.0,300.0,0.0,54.0,,0.0,80985.0,,,,,,,1030.0,448.25199620069316,,,752.3058399998151,,,1.0,13.0,0.0,,,,,
50400.0,300.0,0.0,54.0,,0.0,80985.0,1.0,21.0,,,,,,,,,,83.0,2317.0,,,,,,,,6.0
50400.0,300.0,0.0,54.0,,0.0,80985.0,25.0,21.0,,,,,,,,,,70.0,193.0,,,,,,,,7.0
50400.0,300.0,0.0,54.0,,0.0,80985.0,13.0,21.0,,,,,,,,,,99.0,425.0,,,,,,,,6.0
50400.0,300.0,0.0,54.0,,0.0,80985.0,37.0,21.0,,,,,,,,,,67.0,2317.0,,,,,,,,8.0
50400.0,300.0,0.0,54.0,,0.0,80985.0,,,,,,,,,,,,,,,,,,1030.0,177.32000000000016,1.0,
50400.0,300.0,0.0,54.0,,0.0,80985.0,,,,,,,,,,,,,,,,,,1029.0,173.329,1.0,
50400.0,300.0,0.0,54.0,0.0,0.0,80985.0,,,0.0,1029.0,0.0,0.0,,,,,,,,,,,1.0,,,,
50400.0,300.0,0.0,54.0,0.0,0.0,80985.0,,,0.0,1030.0,0.0,0.0,,,,,,,,,,,0.0,,,,
50400.0,300.0,0.0,54.0,,0.0,80985.0,,,,,,,,,4.284007931188606,1029.0,,,,,,,,,,,
50400.0,300.0,0.0,54.0,,0.0,80985.0,,,,,,,,,3.9570487522584465,1030.0,,,,,,,,,,,
67200.0,417.0,0.0,70.0,,0.0,117191.0,,,,,,,1029.0,448.1775771959856,,,747.8095299999055,,,1.0,13.0,1.0,,,,,
67200.0,417.0,0.0,70.0,,0.0,117191.0,,,,,,,1030.0,448.9363244074509,,,753.6943099998635,,,1.0,13.0,0.0,,,,,
67200.0,417.0,0.0,70.0,,0.0,117191.0,13.0,28.0,,,,,,,,,,99.0,308.0,,,,,,,,6.0
67200.0,417.0,0.0,70.0,,0.0,117191.0,25.0,28.0,,,,,,,,,,70.0,193.0,,,,,,,,7.0
67200.0,417.0,0.0,70.0,,0.0,117191.0,37.0,28.0,,,,,,,,,,67.0,2317.0,,,,,,,,8.0
67200.0,417.0,0.0,70.0,,0.0,117191.0,1.0,28.0,,,,,,,,,,83.0,2317.0,,,,,,,,6.0
67200.0,417.0,0.0,70.0,,0.0,117191.0,,,,,,,,,,,,,,,,,,1029.0,209.97599999999983,1.0,
67200.0,417.0,0.0,70.0,,0.0,117191.0,,,,,,,,,,,,,,,,,,1030.0,224.44500000000002,1.0,
67200.0,417.0,0.0,70.0,0.0,0.0,117191.0,,,0.0,1029.0,0.0,0.0,,,,,,,,,,,1.0,,,,
67200.0,417.0,0.0,70.0,0.0,0.0,117191.0,,,0.0,1030.0,0.0,0.0,,,,,,,,,,,0.0,,,,
67200.0,417.0,0.0,70.0,,0.0,117191.0,,,,,,,,,4.28413743342417,1029.0,,,,,,,,,,,
67200.0,417.0,0.0,70.0,,0.0,117191.0,,,,,,,,,3.9572669222195946,1030.0,,,,,,,,,,,
84000.0,791.0,0.0,89.0,,0.0,136875.0,,,,,,,1030.0,450.8459540341489,,,765.5233799998,,,1.0,1.0,0.0,,,,,
84000.0,791.0,0.0,89.0,,0.0,136875.0,,,,,,,1029.0,450.8880887151381,,,765.9853599997797,,,1.0,1.0,1.0,,,,,
84000.0,791.0,0.0,89.0,,0.0,136875.0,1.0,35.0,,,,,,,,,,73.0,2312.0,,,,,,,,4.0
84000.0,791.0,0.0,89.0,,0.0,136875.0,13.0,35.0,,,,,,,,,,62.0,664.0,,,,,,,,5.0
84000.0,791.0,0.0,89.0,,0.0,136875.0,25.0,35.0,,,,,,,,,,65.0,193.0,,,,,,,,7.0
84000.0,791.0,0.0,89.0,,0.0,136875.0,37.0,35.0,,,,,,,,,,69.0,2317.0,,,,,,,,7.0
84000.0,791.0,0.0,89.0,,0.0,136875.0,,,,,,,,,,,,,,,,,,1029.0,282.29500000000127,1.0,
84000.0,791.0,0.0,89.0,,0.0,136875.0,,,,,,,,,,,,,,,,,,1030.0,275.30100000000004,1.0,
84000.0,791.0,0.0,89.0,0.0,0.0,136875.0,,,0.0,1029.0,0.0,0.0,,,,,,,,,,,1.0,,,,
84000.0,791.0,0.0,89.0,0.0,0.0,136875.0,,,0.0,1030.0,0.0,0.0,,,,,,,,,,,0.0,,,,
84000.0,791.0,0.0,89.0,,0.0,136875.0,,,,,,,,,12.451645676668809,1029.0,,,,,,,,,,,
84000.0,791.0,0.0,89.0,,0.0,136875.0,,,,,,,,,12.914507009403415,1030.0,,,,,,,,,,,
100800.0,836.0,0.0,105.0,,0.0,160531.0,,,,,,,1029.0,452.76396996306187,,,778.4122799996976,,,1.0,1.0,1.0,,,,,
100800.0,836.0,0.0,105.0,,0.0,160531.0,,,,,,,1030.0,451.623713963369,,,768.971899999806,,,1.0,1.0,0.0,,,,,
100800.0,836.0,0.0,105.0,,0.0,160531.0,13.0,42.0,,,,,,,,,,62.0,664.0,,,,,,,,5.0
100800.0,836.0,0.0,105.0,,0.0,160531.0,1.0,42.0,,,,,,,,,,73.0,2267.0,,,,,,,,4.0
100800.0,836.0,0.0,105.0,,0.0,160531.0,25.0,42.0,,,,,,,,,,65.0,193.0,,,,,,,,7.0
100800.0,836.0,0.0,105.0,,0.0,160531.0,37.0,42.0,,,,,,,,,,69.0,2317.0,,,,,,,,7.0
100800.0,836.0,0.0,105.0,,0.0,160531.0,,,,,,,,,,,,,,,,,,1029.0,331.9290000000012,1.0,
100800.0,836.0,0.0,105.0,,0.0,160531.0,,,,,,,,,,,,,,,,,,1030.0,312.9879999999999,1.0,
100800.0,836.0,0.0,105.0,0.0,0.0,160531.0,,,0.0,1029.0,0.0,0.0,,,,,,,,,,,1.0,,,,
100800.0,836.0,0.0,105.0,0.0,0.0,160531.0,,,0.0,1030.0,0.0,0.0,,,,,,,,,,,0.0,,,,
100800.0,836.0,0.0,105.0,,0.0,160531.0,,,,,,,,,18.005498121575187,1030.0,,,,,,,,,,,
100800.0,836.0,0.0,105.0,,0.0,160531.0,,,,,,,,,17.616988780165936,1029.0,,,,,,,,,,,
117600.0,895.0,0.0,127.0,,0.0,183106.0,,,,,,,1030.0,453.3739916881121,,,780.0045199997433,,,1.0,37.0,0.0,,,,,
117600.0,895.0,0.0,127.0,,0.0,183106.0,,,,,,,1029.0,454.63022265701863,,,791.2516999996107,,,1.0,1.0,1.0,,,,,
117600.0,895.0,0.0,127.0,,0.0,183106.0,25.0,49.0,,,,,,,,,,65.0,193.0,,,,,,,,7.0
117600.0,895.0,0.0,127.0,,0.0,183106.0,37.0,49.0,,,,,,,,,,69.0,2310.0,,,,,,,,7.0
117600.0,895.0,0.0,127.0,,0.0,183106.0,1.0,49.0,,,,,,,,,,73.0,2215.0,,,,,,,,4.0
117600.0,895.0,0.0,127.0,,0.0,183106.0,13.0,49.0,,,,,,,,,,62.0,664.0,,,,,,,,5.0
117600.0,895.0,0.0,127.0,,0.0,183106.0,,,,,,,,,,,,,,,,,,1030.0,372.1119999999997,1.0,
117600.0,895.0,0.0,127.0,,0.0,183106.0,,,,,,,,,,,,,,,,,,1029.0,388.8170000000011,1.0,
117600.0,895.0,0.0,127.0,0.0,0.0,183106.0,,,0.0,1029.0,0.0,0.0,,,,,,,,,,,1.0,,,,
117600.0,895.0,0.0,127.0,0.0,0.0,183106.0,,,0.0,1030.0,0.0,0.0,,,,,,,,,,,0.0,,,,
117600.0,895.0,0.0,127.0,,0.0,183106.0,,,,,,,,,19.51766897280301,1029.0,,,,,,,,,,,
117600.0,895.0,0.0,127.0,,0.0,183106.0,,,,,,,,,19.640351654424876,1030.0,,,,,,,,,,,
134400.0,959.0,0.0,152.0,,0.0,208232.0,,,,,,,1030.0,455.8594715361004,,,797.4998699996233,,,1.0,37.0,0.0,,,,,
134400.0,959.0,0.0,152.0,,0.0,208232.0,,,,,,,1029.0,456.22850057763895,,,802.0845299995362,,,1.0,1.0,1.0,,,,,
134400.0,959.0,0.0,152.0,,0.0,208232.0,13.0,56.0,,,,,,,,,,62.0,664.0,,,,,,,,5.0
134400.0,959.0,0.0,152.0,,0.0,208232.0,37.0,56.0,,,,,,,,,,69.0,2283.0,,,,,,,,7.0
134400.0,959.0,0.0,152.0,,0.0,208232.0,1.0,56.0,,,,,,,,,,73.0,2178.0,,,,,,,,4.0
134400.0,959.0,0.0,152.0,,0.0,208232.0,25.0,56.0,,,,,,,,,,65.0,193.0,,,,,,,,7.0
134400.0,959.0,0.0,152.0,,0.0,208232.0,,,,,,,,,,,,,,,,,,1029.0,445.15900000000084,1.0,
134400.0,959.0,0.0,152.0,,0.0,208232.0,,,,,,,,,,,,,,,,,,1030.0,442.4679999999996,1.0,
134400.0,959.0,0.0,152.0,0.0,0.0,208232.0,,,0.0,1030.0,0.0,0.0,,,,,,,,,,,0.0,,,,
134400.0,959.0,0.0,152.0,0.0,0.0,208232.0,,,0.0,1029.0,0.0,0.0,,,,,,,,,,,1.0,,,,
134400.0,959.0,0.0,152.0,,0.0,208232.0,,,,,,,,,19.933325443362747,1029.0,,,,,,,,,,,
134400.0,959.0,0.0,152.0,,0.0,208232.0,,,,,,,,,19.950553594035835,1030.0,,,,,,,,,,,
151200.0,996.0,0.0,168.0,,0.0,241405.0,,,,,,,1030.0,456.0123942874177,,,795.1585299996951,,,2.0,1.0,0.0,,,,,
151200.0,996.0,0.0,168.0,,0.0,241405.0,,,,,,,1029.0,457.9244014382897,,,812.1362699994992,,,2.0,37.0,1.0,,,,,
151200.0,996.0,0.0,168.0,,0.0,241405.0,37.0,63.0,,,,,,,,,,91.0,2254.0,,,,,,,,5.0
151200.0,996.0,0.0,168.0,,0.0,241405.0,1.0,63.0,,,,,,,,,,76.0,2170.0,,,,,,,,3.0
151200.0,996.0,0.0,168.0,,0.0,241405.0,25.0,63.0,,,,,,,,,,67.0,193.0,,,,,,,,7.0
151200.0,996.0,0.0,168.0,,0.0,241405.0,13.0,63.0,,,,,,,,,,81.0,664.0,,,,,,,,5.0
151200.0,996.0,0.0,168.0,,0.0,241405.0,,,,,,,,,,,,,,,,,,1029.0,496.1190000000008,1.0,
151200.0,996.0,0.0,168.0,,0.0,241405.0,,,,,,,,,,,,,,,,,,1030.0,478.07499999999953,1.0,
151200.0,996.0,0.0,168.0,0.6633100000000003,0.0,241405.0,,,4.0,1030.0,0.0,0.6633100000000003,,,,,,,,,,,0.0,,,,
151200.0,996.0,0.0,168.0,2.124940000000006,0.0,241405.0,,,4.0,1029.0,0.0,2.124940000000006,,,,,,,,,,,1.0,,,,
151200.0,996.0,0.0,168.0,,0.0,241405.0,,,,,,,,,19.983515387915688,1029.0,,,,,,,,,,,
151200.0,996.0,0.0,168.0,,0.0,241405.0,,,,,,,,,19.979865641020893,1030.0,,,,,,,,,,,
168000.0,1033.0,0.0,184.0,,0.0,277044.0,,,,,,,1030.0,456.5295972666301,,,796.2819799997258,,,2.0,37.0,0.0,,,,,
168000.0,1033.0,0.0,184.0,,0.0,277044.0,,,,,,,1029.0,458.6671815726253,,,814.6675599995241,,,2.0,37.0,1.0,,,,,
168000.0,1033.0,0.0,184.0,,0.0,277044.0,25.0,70.0,,,,,,,,,,67.0,193.0,,,,,,,,7.0
168000.0,1033.0,0.0,184.0,,0.0,277044.0,1.0,70.0,,,,,,,,,,76.0,2163.0,,,,,,,,3.0
168000.0,1033.0,0.0,184.0,,0.0,277044.0,13.0,70.0,,,,,,,,,,81.0,664.0,,,,,,,,5.0
168000.0,1033.0,0.0,184.0,,0.0,277044.0,37.0,70.0,,,,,,,,,,91.0,2224.0,,,,,,,,5.0
168000.0,1033.0,0.0,184.0,,0.0,277044.0,,,,,,,,,,,,,,,,,,1029.0,540.3580000000005,1.0,
168000.0,1033.0,0.0,184.0,,0.0,277044.0,,,,,,,,,,,,,,,,,,1030.0,514.3449999999995,1.0,
168000.0,1033.0,0.0,184.0,0.04696,0.0,277044.0,,,4.0,1029.0,1.0,6.192849999999881,,,,,,,,,,,1.0,,,,
168000.0,1033.0,0.0,184.0,3.422209999999966,0.0,277044.0,,,4.0,1030.0,0.0,3.422209999999966,,,,,,,,,,,0.0,,,,
168000.0,1033.0,0.0,184.0,,0.0,277044.0,,,,,,,,,19.99550432405756,1029.0,,,,,,,,,,,
168000.0,1033.0,0.0,184.0,,0.0,277044.0,,,,,,,,,19.991808275301146,1030.0,,,,,,,,,,,
184800.0,1090.0,0.0,205.0,,0.0,309884.0,,,,,,,1029.0,459.89698460315645,,,820.7393699995187,,,2.0,37.0,1.0,,,,,
184800.0,1090.0,0.0,205.0,,0.0,309884.0,,,,,,,1030.0,457.43874935979625,,,800.3340199997318,,,2.0,37.0,0.0,,,,,
184800.0,1090.0,0.0,205.0,,0.0,309884.0,1.0,77.0,,,,,,,,,,76.0,2163.0,,,,,,,,3.0
184800.0,1090.0,0.0,205.0,,0.0,309884.0,13.0,77.0,,,,,,,,,,81.0,664.0,,,,,,,,5.0
184800.0,1090.0,0.0,205.0,,0.0,309884.0,37.0,77.0,,,,,,,,,,91.0,2167.0,,,,,,,,5.0
184800.0,1090.0,0.0,205.0,,0.0,309884.0,25.0,77.0,,,,,,,,,,67.0,193.0,,,,,,,,7.0
184800.0,1090.0,0.0,205.0,,0.0,309884.0,,,,,,,,,,,,,,,,,,1030.0,579.9689999999988,1.0,
184800.0,1090.0,0.0,205.0,,0.0,309884.0,,,,,,,,,,,,,,,,,,1029.0,591.2010000000001,1.0,
184800.0,1090.0,0.0,205.0,0.6339600000000001,0.0,309884.0,,,4.0,1029.0,2.0,12.931609999999674,,,,,,,,,,,1.0,,,,
184800.0,1090.0,0.0,205.0,8.558459999999808,0.0,309884.0,,,4.0,1030.0,0.0,8.558459999999808,,,,,,,,,,,0.0,,,,
184800.0,1090.0,0.0,205.0,,0.0,309884.0,,,,,,,,,19.998890792770304,1030.0,,,,,,,,,,,
184800.0,1090.0,0.0,205.0,,0.0,309884.0,,,,,,,,,19.998774366384573,1029.0,,,,,,,,,,,
201600.0,1147.0,0.0,223.0,,0.0,343220.0,,,,,,,1029.0,460.8367464363252,,,826.5065199994893,,,2.0,37.0,1.0,,,,,
201600.0,1147.0,0.0,223.0,,0.0,343220.0,,,,,,,1030.0,458.2073080565107,,,802.6407499997632,,,2.0,37.0,0.0,,,,,
201600.0,1147.0,0.0,223.0,,0.0,343220.0,25.0,84.0,,,,,,,,,,67.0,193.0,,,,,,,,7.0
201600.0,1147.0,0.0,223.0,,0.0,343220.0,1.0,84.0,,,,,,,,,,76.0,2151.0,,,,,,,,3.0
201600.0,1147.0,0.0,223.0,,0.0,343220.0,13.0,84.0,,,,,,,,,,81.0,664.0,,,,,,,,5.0
201600.0,1147.0,0.0,223.0,,0.0,343220.0,37.0,84.0,,,,,,,,,,91.0,2122.0,,,,,,,,5.0
201600.0,1147.0,0.0,223.0,,0.0,343220.0,,,,,,,,,,,,,,,,,,1030.0,615.7579999999987,1.0,
201600.0,1147.0,0.0,223.0,,0.0,343220.0,,,,,,,,,,,,,,,,,,1029.0,641.589,1.0,
201600.0,1147.0,0.0,223.0,0.14088,0.0,343220.0,,,4.0,1029.0,3.0,18.637250000000297,,,,,,,,,,,1.0,,,,
201600.0,1147.0,0.0,223.0,3.4691699999999646,0.0,343220.0,,,4.0,1030.0,1.0,13.09009999999967,,,,,,,,,,,0.0,,,,
201600.0,1147.0,0.0,223.0,,0.0,343220.0,,,,,,,,,19.999726450239585,1029.0,,,,,,,,,,,
201600.0,1147.0,0.0,223.0,,0.0,343220.0,,,,,,,,,19.99959186050225,1030.0,,,,,,,,,,,
218400.0,1186.0,0.0,237.0,,0.0,378228.0,,,,,,,1029.0,460.94135377287455,,,825.0765299995352,,,2.0,37.0,1.0,,,,,
218400.0,1186.0,0.0,237.0,,0.0,378228.0,,,,,,,1030.0,459.3317102965231,,,807.1931099997805,,,2.0,37.0,0.0,,,,,
218400.0,1186.0,0.0,237.0,,0.0,378228.0,13.0,91.0,,,,,,,,,,81.0,664.0,,,,,,,,5.0
218400.0,1186.0,0.0,237.0,,0.0,378228.0,25.0,91.0,,,,,,,,,,67.0,193.0,,,,,,,,7.0
218400.0,1186.0,0.0,237.0,,0.0,378228.0,37.0,91.0,,,,,,,,,,91.0,2089.0,,,,,,,,5.0
218400.0,1186.0,0.0,237.0,,0.0,378228.0,1.0,91.0,,,,,,,,,,76.0,2145.0,,,,,,,,3.0
218400.0,1186.0,0.0,237.0,,0.0,378228.0,,,,,,,,,,,,,,,,,,1029.0,674.4400000000002,1.0,
218400.0,1186.0,0.0,237.0,,0.0,378228.0,,,,,,,,,,,,,,,,,,1030.0,656.3829999999983,1.0,
218400.0,1186.0,0.0,237.0,0.8335400000000015,0.0,378228.0,,,4.0,1029.0,3.0,19.329910000000485,,,,,,,,,,,1.0,,,,
218400.0,1186.0,0.0,237.0,9.380259999999783,0.0,378228.0,,,4.0,1030.0,1.0,19.001190000000395,,,,,,,,,,,0.0,,,,
218400.0,1186.0,0.0,237.0,,0.0,378228.0,,,,,,,,,19.999849827975414,1030.0,,,,,,,,,,,
218400.0,1186.0,0.0,237.0,,0.0,378228.0,,,,,,,,,19.999899351608185,1029.0,,,,,,,,,,,
235200.0,1255.0,0.0,258.0,,0.0,405047.0,,,,,,,1030.0,460.7667664325877,,,816.3163199997244,,,2.0,1.0,0.0,,,,,
235200.0,1255.0,0.0,258.0,,0.0,405047.0,,,,,,,1029.0,461.42669230770105,,,827.3099499995377,,,2.0,13.0,1.0,,,,,
235200.0,1255.0,0.0,258.0,,0.0,405047.0,13.0,98.0,,,,,,,,,,83.0,658.0,,,,,,,,5.0
235200.0,1255.0,0.0,258.0,,0.0,405047.0,25.0,98.0,,,,,,,,,,72.0,193.0,,,,,,,,7.0
235200.0,1255.0,0.0,258.0,,0.0,405047.0,37.0,98.0,,,,,,,,,,86.0,2036.0,,,,,,,,4.0
235200.0,1255.0,0.0,258.0,,0.0,405047.0,1.0,98.0,,,,,,,,,,64.0,2135.0,,,,,,,,4.0
235200.0,1255.0,0.0,258.0,,0.0,405047.0,,,,,,,,,,,,,,,,,,1029.0,715.0000000000001,1.0,
235200.0,1255.0,0.0,258.0,,0.0,405047.0,,,,,,,,,,,,,,,,,,1030.0,716.2609999999983,1.0,
235200.0,1255.0,0.0,258.0,7.930369999999828,0.0,405047.0,,,4.0,1030.0,2.0,27.242670000002636,,,,,,,,,,,0.0,,,,
235200.0,1255.0,0.0,258.0,3.8624599999999525,0.0,405047.0,,,4.0,1029.0,3.0,22.35883000000131,,,,,,,,,,,1.0,,,,
235200.0,1255.0,0.0,258.0,,0.0,405047.0,,,,,,,,,19.999969679448018,1029.0,,,,,,,,,,,
235200.0,1255.0,0.0,258.0,,0.0,405047.0,,,,,,,,,19.99996647867552,1030.0,,,,,,,,,,,
252000.0,1312.0,0.0,276.0,,0.0,433988.0,,,,,,,1030.0,462.83044835770875,,,829.5553299996434,,,2.0,1.0,0.0,,,,,
252000.0,1312.0,0.0,276.0,,0.0,433988.0,,,,,,,1029.0,461.6770529279886,,,826.0010299995964,,,2.0,37.0,1.0,,,,,
252000.0,1312.0,0.0,276.0,,0.0,433988.0,37.0,105.0,,,,,,,,,,86.0,2018.0,,,,,,,,4.0
252000.0,1312.0,0.0,276.0,,0.0,433988.0,13.0,105.0,,,,,,,,,,83.0,632.0,,,,,,,,5.0
252000.0,1312.0,0.0,276.0,,0.0,433988.0,25.0,105.0,,,,,,,,,,72.0,193.0,,,,,,,,7.0
252000.0,1312.0,0.0,276.0,,0.0,433988.0,1.0,105.0,,,,,,,,,,64.0,2122.0,,,,,,,,4.0
252000.0,1312.0,0.0,276.0,,0.0,433988.0,,,,,,,,,,,,,,,,,,1030.0,777.9849999999984,1.0,
252000.0,1312.0,0.0,276.0,,0.0,433988.0,,,,,,,,,,,,,,,,,,1029.0,739.674,1.0,
252000.0,1312.0,0.0,276.0,9.298079999999786,0.0,433988.0,,,4.0,1030.0,3.0,38.43676000000568,,,,,,,,,,,0.0,,,,
252000.0,1312.0,0.0,276.0,5.159729999999913,0.0,433988.0,,,4.0,1029.0,3.0,23.65610000000166,,,,,,,,,,,1.0,,,,
252000.0,1312.0,0.0,276.0,,0.0,433988.0,,,,,,,,,19.99999498436583,1030.0,,,,,,,,,,,
252000.0,1312.0,0.0,276.0,,0.0,433988.0,,,,,,,,,19.99998335694201,1029.0,,,,,,,,,,,
268800.0,1363.0,0.0,293.0,,0.0,468581.0,,,,,,,1029.0,461.90578364945725,,,825.8569499996258,,,2.0,37.0,1.0,,,,,
268800.0,1363.0,0.0,293.0,,0.0,468581.0,,,,,,,1030.0,462.9408985482487,,,827.5615599997031,,,2.0,13.0,0.0,,,,,
268800.0,1363.0,0.0,293.0,,0.0,468581.0,25.0,112.0,,,,,,,,,,72.0,193.0,,,,,,,,7.0
268800.0,1363.0,0.0,293.0,,0.0,468581.0,13.0,112.0,,,,,,,,,,83.0,627.0,,,,,,,,5.0
268800.0,1363.0,0.0,293.0,,0.0,468581.0,37.0,112.0,,,,,,,,,,86.0,1979.0,,,,,,,,4.0
268800.0,1363.0,0.0,293.0,,0.0,468581.0,1.0,112.0,,,,,,,,,,64.0,2115.0,,,,,,,,4.0
268800.0,1363.0,0.0,293.0,,0.0,468581.0,,,,,,,,,,,,,,,,,,1029.0,780.2859999999997,1.0,
268800.0,1363.0,0.0,293.0,,0.0,468581.0,,,,,,,,,,,,,,,,,,1030.0,810.0689999999987,1.0,
268800.0,1363.0,0.0,293.0,9.849859999999769,0.0,468581.0,,,4.0,1030.0,3.0,38.98854000000583,,,,,,,,,,,0.0,,,,
268800.0,1363.0,0.0,293.0,0.28762999999999966,0.0,468581.0,,,4.0,1029.0,4.0,24.982720000002022,,,,,,,,,,,1.0,,,,
268800.0,1363.0,0.0,293.0,,0.0,468581.0,,,,,,,,,19.999993231394043,1029.0,,,,,,,,,,,
268800.0,1363.0,0.0,293.0,,0.0,468581.0,,,,,,,,,19.99999833008537,1030.0,,,,,,,,,,,
285600.0,1427.0,0.0,312.0,,0.0,503630.0,,,,,,,1030.0,463.7122279193717,,,831.0110799997092,,,2.0,13.0,0.0,,,,,
285600.0,1427.0,0.0,312.0,,0.0,503630.0,,,,,,,1029.0,461.90578364945725,,,823.0789499996915,,,2.0,37.0,1.0,,,,,
285600.0,1427.0,0.0,312.0,,0.0,503630.0,13.0,119.0,,,,,,,,,,83.0,595.0,,,,,,,,5.0
285600.0,1427.0,0.0,312.0,,0.0,503630.0,1.0,119.0,,,,,,,,,,64.0,2115.0,,,,,,,,4.0
285600.0,1427.0,0.0,312.0,,0.0,503630.0,25.0,119.0,,,,,,,,,,72.0,193.0,,,,,,,,7.0
285600.0,1427.0,0.0,312.0,,0.0,503630.0,37.0,119.0,,,,,,,,,,86.0,1947.0,,,,,,,,4.0
285600.0,1427.0,0.0,312.0,,0.0,503630.0,,,,,,,,,,,,,,,,,,1030.0,855.4649999999987,1.0,
285600.0,1427.0,0.0,312.0,,0.0,503630.0,,,,,,,,,,,,,,,,,,1029.0,815.6719999999996,1.0,
285600.0,1427.0,0.0,312.0,4.208789999999942,0.0,503630.0,,,4.0,1030.0,4.0,43.285380000006995,,,,,,,,,,,0.0,,,,
285600.0,1427.0,0.0,312.0,0.28762999999999966,0.0,503630.0,,,4.0,1029.0,4.0,24.982720000002022,,,,,,,,,,,1.0,,,,
285600.0,1427.0,0.0,312.0,,0.0,503630.0,,,,,,,,,19.999999083204823,1030.0,,,,,,,,,,,
285600.0,1427.0,0.0,312.0,,0.0,503630.0,,,,,,,,,19.999997509137327,1029.0,,,,,,,,,,,
302400.0,1462.0,0.0,323.0,,0.0,542034.0,,,,,,,1029.0,461.92860731858195,,,819.4011799997813,,,2.0,13.0,1.0,,,,,
302400.0,1462.0,0.0,323.0,,0.0,542034.0,,,,,,,1030.0,464.34395295529686,,,832.1571499997565,,,2.0,13.0,0.0,,,,,
302400.0,1462.0,0.0,323.0,,0.0,542034.0,37.0,126.0,,,,,,,,,,78.0,1939.0,,,,,,,,5.0
302400.0,1462.0,0.0,323.0,,0.0,542034.0,13.0,126.0,,,,,,,,,,84.0,568.0,,,,,,,,5.0
302400.0,1462.0,0.0,323.0,,0.0,542034.0,25.0,126.0,,,,,,,,,,75.0,193.0,,,,,,,,7.0
302400.0,1462.0,0.0,323.0,,0.0,542034.0,1.0,126.0,,,,,,,,,,62.0,2115.0,,,,,,,,5.0
302400.0,1462.0,0.0,323.0,,0.0,542034.0,,,,,,,,,,,,,,,,,,1030.0,887.2759999999986,1.0,
302400.0,1462.0,0.0,323.0,,0.0,542034.0,,,,,,,,,,,,,,,,,,1029.0,835.6919999999996,1.0,
302400.0,1462.0,0.0,323.0,8.088859999999823,0.0,542034.0,,,4.0,1030.0,4.0,47.16545000000805,,,,,,,,,,,0.0,,,,
302400.0,1462.0,0.0,323.0,0.42263999999999935,0.0,542034.0,,,4.0,1029.0,4.0,25.11773000000206,,,,,,,,,,,1.0,,,,
302400.0,1462.0,0.0,323.0,,0.0,542034.0,,,,,,,,,19.999999443826233,1030.0,,,,,,,,,,,
302400.0,1462.0,0.0,323.0,,0.0,542034.0,,,,,,,,,19.9999979602575,1029.0,,,,,,,,,,,
319200.0,1541.0,0.0,347.0,,0.0,569679.0,,,,,,,1030.0,465.257223304816,,,838.461149999715,,,2.0,1.0,0.0,,,,,
319200.0,1541.0,0.0,347.0,,0.0,569679.0,,,,,,,1029.0,462.6837296403432,,,823.2091599997797,,,2.0,1.0,1.0,,,,,
319200.0,1541.0,0.0,347.0,,0.0,569679.0,1.0,133.0,,,,,,,,,,62.0,2088.0,,,,,,,,5.0
319200.0,1541.0,0.0,347.0,,0.0,569679.0,37.0,133.0,,,,,,,,,,78.0,1939.0,,,,,,,,5.0
319200.0,1541.0,0.0,347.0,,0.0,569679.0,13.0,133.0,,,,,,,,,,84.0,516.0,,,,,,,,5.0
319200.0,1541.0,0.0,347.0,,0.0,569679.0,25.0,133.0,,,,,,,,,,75.0,193.0,,,,,,,,7.0
319200.0,1541.0,0.0,347.0,,0.0,569679.0,,,,,,,,,,,,,,,,,,1029.0,889.9929999999996,1.0,
319200.0,1541.0,0.0,347.0,,0.0,569679.0,,,,,,,,,,,,,,,,,,1030.0,948.9219999999991,1.0,
319200.0,1541.0,0.0,347.0,3.5337399999999626,0.0,569679.0,,,4.0,1030.0,5.0,52.624550000009535,,,,,,,,,,,0.0,,,,
319200.0,1541.0,0.0,347.0,4.555119999999931,0.0,569679.0,,,4.0,1029.0,4.0,29.250210000003182,,,,,,,,,,,1.0,,,,
319200.0,1541.0,0.0,347.0,,0.0,569679.0,,,,,,,,,19.999998879994752,1029.0,,,,,,,,,,,
319200.0,1541.0,0.0,347.0,,0.0,569679.0,,,,,,,,,19.999999862793803,1030.0,,,,,,,,,,,
336000.0,1617.0,0.0,372.0,,0.0,593698.0,,,,,,,1030.0,466.43101884073167,,,844.4329699997093,,,2.0,13.0,0.0,,,,,
336000.0,1617.0,0.0,372.0,,0.0,593698.0,,,,,,,1029.0,464.74399325238386,,,836.9185799996868,,,2.0,1.0,1.0,,,,,
336000.0,1617.0,0.0,372.0,,0.0,593698.0,1.0,140.0,,,,,,,,,,62.0,2035.0,,,,,,,,5.0
336000.0,1617.0,0.0,372.0,,0.0,593698.0,13.0,140.0,,,,,,,,,,84.0,495.0,,,,,,,,5.0
336000.0,1617.0,0.0,372.0,,0.0,593698.0,25.0,140.0,,,,,,,,,,75.0,193.0,,,,,,,,7.0
336000.0,1617.0,0.0,372.0,,0.0,593698.0,37.0,140.0,,,,,,,,,,78.0,1937.0,,,,,,,,5.0
336000.0,1617.0,0.0,372.0,,0.0,593698.0,,,,,,,,,,,,,,,,,,1030.0,994.7729999999993,1.0,
336000.0,1617.0,0.0,372.0,,0.0,593698.0,,,,,,,,,,,,,,,,,,1029.0,963.4040000000005,1.0,
336000.0,1617.0,0.0,372.0,0.19957999999999987,0.0,593698.0,,,4.0,1030.0,6.0,59.43962000001139,,,,,,,,,,,0.0,,,,
336000.0,1617.0,0.0,372.0,3.29893999999997,0.0,593698.0,,,4.0,1029.0,6.0,40.42669000000622,,,,,,,,,,,1.0,,,,
336000.0,1617.0,0.0,372.0,,0.0,593698.0,,,,,,,,,19.999999931835212,1030.0,,,,,,,,,,,
336000.0,1617.0,0.0,372.0,,0.0,593698.0,,,,,,,,,19.99999983239824,1029.0,,,,,,,,,,,
352800.0,1686.0,0.0,392.0,,0.0,628556.0,,,,,,,1030.0,467.1675736316895,,,848.1176699997062,,,2.0,13.0,0.0,,,,,
352800.0,1686.0,0.0,392.0,,0.0,628556.0,,,,,,,1029.0,465.0488895607782,,,836.373349999736,,,2.0,37.0,1.0,,,,,
352800.0,1686.0,0.0,392.0,,0.0,628556.0,1.0,147.0,,,,,,,,,,62.0,2021.0,,,,,,,,5.0
352800.0,1686.0,0.0,392.0,,0.0,628556.0,25.0,147.0,,,,,,,,,,75.0,193.0,,,,,,,,7.0
352800.0,1686.0,0.0,392.0,,0.0,628556.0,13.0,147.0,,,,,,,,,,84.0,442.0,,,,,,,,5.0
352800.0,1686.0,0.0,392.0,,0.0,628556.0,37.0,147.0,,,,,,,,,,78.0,1935.0,,,,,,,,5.0
352800.0,1686.0,0.0,392.0,,0.0,628556.0,,,,,,,,,,,,,,,,,,1029.0,999.7260000000006,1.0,
352800.0,1686.0,0.0,392.0,,0.0,628556.0,,,,,,,,,,,,,,,,,,1030.0,1051.9080000000004,1.0,
352800.0,1686.0,0.0,392.0,4.25574999999994,0.0,628556.0,,,4.0,1030.0,6.0,63.49579000001249,,,,,,,,,,,0.0,,,,
352800.0,1686.0,0.0,392.0,5.007109999999917,0.0,628556.0,,,4.0,1029.0,6.0,42.13486000000668,,,,,,,,,,,1.0,,,,
352800.0,1686.0,0.0,392.0,,0.0,628556.0,,,,,,,,,19.999999931798552,1030.0,,,,,,,,,,,
352800.0,1686.0,0.0,392.0,,0.0,628556.0,,,,,,,,,19.999999907985604,1029.0,,,,,,,,,,,
369600.0,1731.0,0.0,408.0,,0.0,665474.0,,,,,,,1029.0,465.0488895607782,,,831.8688499998425,,,2.0,37.0,1.0,,,,,
369600.0,1731.0,0.0,408.0,,0.0,665474.0,,,,,,,1030.0,467.4622069246169,,,848.2294599997394,,,2.0,1.0,0.0,,,,,
369600.0,1731.0,0.0,408.0,,0.0,665474.0,13.0,154.0,,,,,,,,,,64.0,422.0,,,,,,,,5.0
369600.0,1731.0,0.0,408.0,,0.0,665474.0,25.0,154.0,,,,,,,,,,67.0,193.0,,,,,,,,7.0
369600.0,1731.0,0.0,408.0,,0.0,665474.0,1.0,154.0,,,,,,,,,,61.0,2012.0,,,,,,,,8.0
369600.0,1731.0,0.0,408.0,,0.0,665474.0,37.0,154.0,,,,,,,,,,68.0,1919.0,,,,,,,,6.0
369600.0,1731.0,0.0,408.0,,0.0,665474.0,,,,,,,,,,,,,,,,,,1030.0,1101.7890000000007,1.0,
369600.0,1731.0,0.0,408.0,,0.0,665474.0,,,,,,,,,,,,,,,,,,1029.0,1025.4400000000003,1.0,
369600.0,1731.0,0.0,408.0,5.007109999999917,0.0,665474.0,,,4.0,1029.0,6.0,42.13486000000668,,,,,,,,,,,1.0,,,,
369600.0,1731.0,0.0,408.0,5.928699999999889,0.0,665474.0,,,4.0,1030.0,6.0,65.16874000001295,,,,,,,,,,,0.0,,,,
369600.0,1731.0,0.0,408.0,,0.0,665474.0,,,,,,,,,19.999999938265304,1030.0,,,,,,,,,,,
369600.0,1731.0,0.0,408.0,,0.0,665474.0,,,,,,,,,19.999999944178732,1029.0,,,,,,,,,,,
386400.0,1794.0,0.0,427.0,,0.0,696881.0,,,,,,,1029.0,465.1571108482509,,,831.0387999998753,,,2.0,13.0,1.0,,,,,
386400.0,1794.0,0.0,427.0,,0.0,696881.0,,,,,,,1030.0,468.17955565964235,,,850.8393199997636,,,2.0,1.0,0.0,,,,,
386400.0,1794.0,0.0,427.0,,0.0,696881.0,13.0,161.0,,,,,,,,,,64.0,420.0,,,,,,,,5.0
386400.0,1794.0,0.0,427.0,,0.0,696881.0,37.0,161.0,,,,,,,,,,68.0,1914.0,,,,,,,,6.0
386400.0,1794.0,0.0,427.0,,0.0,696881.0,1.0,161.0,,,,,,,,,,61.0,1956.0,,,,,,,,8.0
386400.0,1794.0,0.0,427.0,,0.0,696881.0,25.0,161.0,,,,,,,,,,67.0,193.0,,,,,,,,7.0
386400.0,1794.0,0.0,427.0,,0.0,696881.0,,,,,,,,,,,,,,,,,,1030.0,1157.3250000000003,1.0,
386400.0,1794.0,0.0,427.0,,0.0,696881.0,,,,,,,,,,,,,,,,,,1029.0,1070.42,1.0,
386400.0,1794.0,0.0,427.0,5.705639999999896,0.0,696881.0,,,4.0,1029.0,6.0,42.83339000000687,,,,,,,,,,,1.0,,,,
386400.0,1794.0,0.0,427.0,9.838119999999769,0.0,696881.0,,,4.0,1030.0,6.0,69.07816000001401,,,,,,,,,,,0.0,,,,
386400.0,1794.0,0.0,427.0,,0.0,696881.0,,,,,,,,,19.99999997944082,1030.0,,,,,,,,,,,
386400.0,1794.0,0.0,427.0,,0.0,696881.0,,,,,,,,,19.999999974908004,1029.0,,,,,,,,,,,
403200.0,1850.0,0.0,446.0,,0.0,727697.0,,,,,,,1030.0,468.17955565964235,,,845.7013199998851,,,2.0,37.0,0.0,,,,,
403200.0,1850.0,0.0,446.0,,0.0,727697.0,,,,,,,1029.0,466.059329410688,,,836.5751199998506,,,2.0,1.0,1.0,,,,,
403200.0,1850.0,0.0,446.0,,0.0,727697.0,13.0,168.0,,,,,,,,,,64.0,410.0,,,,,,,,5.0
403200.0,1850.0,0.0,446.0,,0.0,727697.0,1.0,168.0,,,,,,,,,,61.0,1917.0,,,,,,,,8.0
403200.0,1850.0,0.0,446.0,,0.0,727697.0,25.0,168.0,,,,,,,,,,67.0,193.0,,,,,,,,7.0
403200.0,1850.0,0.0,446.0,,0.0,727697.0,37.0,168.0,,,,,,,,,,68.0,1907.0,,,,,,,,6.0
403200.0,1850.0,0.0,446.0,,0.0,727697.0,,,,,,,,,,,,,,,,,,1030.0,1184.9890000000003,1.0,
403200.0,1850.0,0.0,446.0,,0.0,727697.0,,,,,,,,,,,,,,,,,,1029.0,1137.7860000000003,1.0,
403200.0,1850.0,0.0,446.0,9.838119999999769,0.0,727697.0,,,4.0,1030.0,6.0,69.07816000001401,,,,,,,,,,,0.0,,,,
403200.0,1850.0,0.0,446.0,4.877969999999921,0.0,727697.0,,,4.0,1029.0,7.0,48.23966000000834,,,,,,,,,,,1.0,,,,
403200.0,1850.0,0.0,446.0,,0.0,727697.0,,,,,,,,,19.999999989787877,1030.0,,,,,,,,,,,
403200.0,1850.0,0.0,446.0,,0.0,727697.0,,,,,,,,,19.99999998979307,1029.0,,,,,,,,,,,
420000.0,1908.0,0.0,467.0,,0.0,760002.0,,,,,,,1030.0,468.17955565964235,,,841.2023199999915,,,2.0,37.0,0.0,,,,,
420000.0,1908.0,0.0,467.0,,0.0,760002.0,,,,,,,1029.0,468.22978193660464,,,849.6694699998054,,,3.0,25.0,1.0,,,,,
420000.0,1908.0,0.0,467.0,,0.0,760002.0,1.0,175.0,,,,,,,,,,61.0,1910.0,,,,,,,,8.0
420000.0,1908.0,0.0,467.0,,0.0,760002.0,25.0,175.0,,,,,,,,,,67.0,166.0,,,,,,,,7.0
420000.0,1908.0,0.0,467.0,,0.0,760002.0,13.0,175.0,,,,,,,,,,64.0,408.0,,,,,,,,5.0
420000.0,1908.0,0.0,467.0,,0.0,760002.0,37.0,175.0,,,,,,,,,,68.0,1885.0,,,,,,,,6.0
420000.0,1908.0,0.0,467.0,,0.0,760002.0,,,,,,,,,,,,,,,,,,1030.0,1215.0710000000001,1.0,
420000.0,1908.0,0.0,467.0,,0.0,760002.0,,,,,,,,,,,,,,,,,,1029.0,1206.1920000000011,1.0,
420000.0,1908.0,0.0,467.0,9.838119999999769,0.0,760002.0,,,4.0,1030.0,6.0,69.07816000001401,,,,,,,,,,,0.0,,,,
420000.0,1908.0,0.0,467.0,0.00587,0.0,760002.0,,,4.0,1029.0,8.0,49.642590000008724,,,,,,,,,,,1.0,,,,
420000.0,1908.0,0.0,467.0,,0.0,760002.0,,,,,,,,,19.99999999492719,1030.0,,,,,,,,,,,
420000.0,1908.0,0.0,467.0,,0.0,760002.0,,,,,,,,,19.999999999073545,1029.0,,,,,,,,,,,
436800.0,1993.0,0.0,490.0,,0.0,790448.0,,,,,,,1030.0,469.28645853660225,,,848.3625899999562,,,2.0,13.0,0.0,,,,,
436800.0,1993.0,0.0,490.0,,0.0,790448.0,,,,,,,1029.0,469.4750538130304,,,856.6341599997959,,,3.0,25.0,1.0,,,,,
436800.0,1993.0,0.0,490.0,,0.0,790448.0,37.0,182.0,,,,,,,,,,68.0,1869.0,,,,,,,,6.0
436800.0,1993.0,0.0,490.0,,0.0,790448.0,25.0,182.0,,,,,,,,,,67.0,133.0,,,,,,,,7.0
436800.0,1993.0,0.0,490.0,,0.0,790448.0,1.0,182.0,,,,,,,,,,61.0,1882.0,,,,,,,,8.0
436800.0,1993.0,0.0,490.0,,0.0,790448.0,13.0,182.0,,,,,,,,,,64.0,400.0,,,,,,,,5.0
436800.0,1993.0,0.0,490.0,,0.0,790448.0,,,,,,,,,,,,,,,,,,1029.0,1251.8610000000006,1.0,
436800.0,1993.0,0.0,490.0,,0.0,790448.0,,,,,,,,,,,,,,,,,,1030.0,1282.9179999999994,1.0,
436800.0,1993.0,0.0,490.0,0.00587,0.0,790448.0,,,4.0,1029.0,8.0,49.642590000008724,,,,,,,,,,,1.0,,,,
436800.0,1993.0,0.0,490.0,6.145889999999882,0.0,790448.0,,,4.0,1030.0,7.0,75.48820000001575,,,,,,,,,,,0.0,,,,
436800.0,1993.0,0.0,490.0,,0.0,790448.0,,,,,,,,,19.999999999830674,1029.0,,,,,,,,,,,
436800.0,1993.0,0.0,490.0,,0.0,790448.0,,,,,,,,,19.99999999831008,1030.0,,,,,,,,,,,
453600.0,2063.0,0.0,511.0,,0.0,831401.0,,,,,,,1030.0,469.4837199320858,,,846.8567100000139,,,2.0,13.0,0.0,,,,,
453600.0,2063.0,0.0,511.0,,0.0,831401.0,,,,,,,1029.0,470.20072881872636,,,859.098609999829,,,3.0,25.0,1.0,,,,,
453600.0,2063.0,0.0,511.0,,0.0,831401.0,25.0,189.0,,,,,,,,,,71.0,98.0,,,,,,,,7.0
453600.0,2063.0,0.0,511.0,,0.0,831401.0,37.0,189.0,,,,,,,,,,63.0,1869.0,,,,,,,,5.0
453600.0,2063.0,0.0,511.0,,0.0,831401.0,1.0,189.0,,,,,,,,,,98.0,1882.0,,,,,,,,10.0
453600.0,2063.0,0.0,511.0,,0.0,831401.0,13.0,189.0,,,,,,,,,,91.0,365.0,,,,,,,,6.0
453600.0,2063.0,0.0,511.0,,0.0,831401.0,,,,,,,,,,,,,,,,,,1030.0,1336.8549999999998,1.0,
453600.0,2063.0,0.0,511.0,,0.0,831401.0,,,,,,,,,,,,,,,,,,1029.0,1289.2879999999998,1.0,
453600.0,2063.0,0.0,511.0,0.00587,0.0,831401.0,,,4.0,1029.0,8.0,49.642590000008724,,,,,,,,,,,1.0,,,,
453600.0,2063.0,0.0,511.0,7.0205199999998555,0.0,831401.0,,,4.0,1030.0,7.0,76.36283000001599,,,,,,,,,,,0.0,,,,
453600.0,2063.0,0.0,511.0,,0.0,831401.0,,,,,,,,,19.999999999948987,1029.0,,,,,,,,,,,
453600.0,2063.0,0.0,511.0,,0.0,831401.0,,,,,,,,,19.99999999830915,1030.0,,,,,,,,,,,
470400.0,2187.0,0.0,530.0,,0.0,874333.0,,,,,,,1029.0,470.43581990881705,,,857.3903099998997,,,3.0,25.0,1.0,,,,,
470400.0,2187.0,0.0,530.0,,0.0,874333.0,,,,,,,1030.0,469.8337863337883,,,845.4256100000888,,,2.0,13.0,0.0,,,,,
470400.0,2187.0,0.0,530.0,,0.0,874333.0,37.0,196.0,,,,,,,,,,63.0,1869.0,,,,,,,,5.0
470400.0,2187.0,0.0,530.0,,0.0,874333.0,25.0,196.0,,,,,,,,,,71.0,186.0,,,,,,,,7.0
470400.0,2187.0,0.0,530.0,,0.0,874333.0,13.0,196.0,,,,,,,,,,91.0,346.0,,,,,,,,6.0
470400.0,2187.0,0.0,530.0,,0.0,874333.0,1.0,196.0,,,,,,,,,,98.0,1882.0,,,,,,,,10.0
470400.0,2187.0,0.0,530.0,,0.0,874333.0,,,,,,,,,,,,,,,,,,1030.0,1374.8540000000005,1.0,
470400.0,2187.0,0.0,530.0,,0.0,874333.0,,,,,,,,,,,,,,,,,,1029.0,1332.7729999999933,1.0,
470400.0,2187.0,0.0,530.0,0.00587,0.0,874333.0,,,4.0,1029.0,8.0,49.642590000008724,,,,,,,,,,,1.0,,,,
470400.0,2187.0,0.0,530.0,8.963489999999796,0.0,874333.0,,,4.0,1030.0,7.0,78.30580000001652,,,,,,,,,,,0.0,,,,
470400.0,2187.0,0.0,530.0,,0.0,874333.0,,,,,,,,,19.99999999997467,1029.0,,,,,,,,,,,
470400.0,2187.0,0.0,530.0,,0.0,874333.0,,,,,,,,,19.999999998308642,1030.0,,,,,,,,,,,
487200.0,2238.0,4.0,548.0,,1.0,911863.0,,,,,,,1029.0,472.1349737850192,,,868.1042199998608,,,1.0,25.0,1.0,,,,,
487200.0,2238.0,4.0,548.0,,1.0,911863.0,,,,,,,1030.0,470.4736163733425,,,846.8269300001325,,,1.0,25.0,0.0,,,,,
487200.0,2238.0,4.0,548.0,,1.0,911863.0,1.0,203.0,,,,,,,,,,98.0,1882.0,,,,,,,,10.0
487200.0,2238.0,4.0,548.0,,1.0,911863.0,37.0,203.0,,,,,,,,,,63.0,1869.0,,,,,,,,5.0
487200.0,2238.0,4.0,548.0,,1.0,911863.0,25.0,203.0,,,,,,,,,,71.0,150.0,,,,,,,,7.0
487200.0,2238.0,4.0,548.0,,1.0,911863.0,13.0,203.0,,,,,,,,,,91.0,331.0,,,,,,,,6.0
487200.0,2238.0,4.0,548.0,,1.0,911863.0,,,,,,,,,,,,,,,,,,1029.0,1381.8999999999924,1.0,
487200.0,2238.0,4.0,548.0,,1.0,911863.0,,,,,,,,,,,,,,,,,,1030.0,1424.605,1.0,
487200.0,2238.0,4.0,548.0,0.01174,1.0,911863.0,,,0.0,1030.0,0.0,79.52089000001685,,,,,,,,,,,0.0,,,,
487200.0,2238.0,4.0,548.0,0.00587,1.0,911863.0,,,0.0,1029.0,0.0,49.642590000008724,,,,,,,,,,,1.0,,,,
487200.0,2238.0,4.0,548.0,,1.0,911863.0,,,,,,,,,19.999999999239666,1030.0,,,,,,,,,,,
487200.0,2238.0,4.0,548.0,,1.0,911863.0,,,,,,,,,19.999999999993747,1029.0,,,,,,,,,,,
504000.0,2628.0,4.0,573.0,,1.0,949958.0,,,,,,,1030.0,471.7740167136459,,,854.4225700001164,,,1.0,37.0,0.0,,,,,
504000.0,2628.0,4.0,573.0,,1.0,949958.0,,,,,,,1029.0,474.0096471316899,,,881.7277299997804,,,1.0,1.0,1.0,,,,,
504000.0,2628.0,4.0,573.0,,1.0,949958.0,25.0,210.0,,,,,,,,,,71.0,130.0,,,,,,,,7.0
504000.0,2628.0,4.0,573.0,,1.0,949958.0,1.0,210.0,,,,,,,,,,98.0,1862.0,,,,,,,,10.0
504000.0,2628.0,4.0,573.0,,1.0,949958.0,37.0,210.0,,,,,,,,,,63.0,1861.0,,,,,,,,5.0
504000.0,2628.0,4.0,573.0,,1.0,949958.0,13.0,210.0,,,,,,,,,,91.0,714.0,,,,,,,,6.0
504000.0,2628.0,4.0,573.0,,1.0,949958.0,,,,,,,,,,,,,,,,,,1029.0,1453.5819999999883,1.0,
504000.0,2628.0,4.0,573.0,,1.0,949958.0,,,,,,,,,,,,,,,,,,1030.0,1492.958999999978,1.0,
504000.0,2628.0,4.0,573.0,0.00587,1.0,949958.0,,,0.0,1029.0,0.0,49.642590000008724,,,,,,,,,,,1.0,,,,
504000.0,2628.0,4.0,573.0,0.01174,1.0,949958.0,,,0.0,1030.0,0.0,79.52089000001685,,,,,,,,,,,0.0,,,,
504000.0,2628.0,4.0,573.0,,1.0,949958.0,,,,,,,,,19.999999999718796,1030.0,,,,,,,,,,,
504000.0,2628.0,4.0,573.0,,1.0,949958.0,,,,,,,,,19.99999999999874,1029.0,,,,,,,,,,,
520800.0,2734.0,4.0,599.0,,1.0,997524.0,,,,,,,1029.0,474.58027298281337,,,878.4967999999312,,,1.0,1.0,1.0,,,,,
520800.0,2734.0,4.0,599.0,,1.0,997524.0,,,,,,,1030.0,474.21018025891476,,,872.420139999995,,,1.0,37.0,0.0,,,,,
520800.0,2734.0,4.0,599.0,,1.0,997524.0,13.0,217.0,,,,,,,,,,70.0,714.0,,,,,,,,5.0
520800.0,2734.0,4.0,599.0,,1.0,997524.0,1.0,217.0,,,,,,,,,,99.0,1821.0,,,,,,,,15.0
520800.0,2734.0,4.0,599.0,,1.0,997524.0,37.0,217.0,,,,,,,,,,85.0,1796.0,,,,,,,,6.0
520800.0,2734.0,4.0,599.0,,1.0,997524.0,25.0,217.0,,,,,,,,,,72.0,130.0,,,,,,,,7.0
520800.0,2734.0,4.0,599.0,,1.0,997524.0,,,,,,,,,,,,,,,,,,1030.0,1565.0569999999784,1.0,
520800.0,2734.0,4.0,599.0,,1.0,997524.0,,,,,,,,,,,,,,,,,,1029.0,1504.4379999999878,1.0,
520800.0,2734.0,4.0,599.0,0.00587,1.0,997524.0,,,0.0,1029.0,0.0,49.642590000008724,,,,,,,,,,,1.0,,,,
520800.0,2734.0,4.0,599.0,0.01174,1.0,997524.0,,,0.0,1030.0,0.0,79.52089000001685,,,,,,,,,,,0.0,,,,
520800.0,2734.0,4.0,599.0,,1.0,997524.0,,,,,,,,,19.999999999930626,1030.0,,,,,,,,,,,
520800.0,2734.0,4.0,599.0,,1.0,997524.0,,,,,,,,,19.999999999999538,1029.0,,,,,,,,,,,
537600.0,2841.0,4.0,629.0,,1.0,1050390.0,,,,,,,1029.0,475.28949840312487,,,878.5150600000333,,,1.0,1.0,1.0,,,,,
537600.0,2841.0,4.0,629.0,,1.0,1050390.0,,,,,,,1030.0,475.10593856105254,,,877.2851799999964,,,1.0,37.0,0.0,,,,,
537600.0,2841.0,4.0,629.0,,1.0,1050390.0,37.0,224.0,,,,,,,,,,85.0,1748.0,,,,,,,,6.0
537600.0,2841.0,4.0,629.0,,1.0,1050390.0,1.0,224.0,,,,,,,,,,99.0,1762.0,,,,,,,,15.0
537600.0,2841.0,4.0,629.0,,1.0,1050390.0,13.0,224.0,,,,,,,,,,70.0,714.0,,,,,,,,5.0
537600.0,2841.0,4.0,629.0,,1.0,1050390.0,25.0,224.0,,,,,,,,,,72.0,130.0,,,,,,,,7.0
537600.0,2841.0,4.0,629.0,,1.0,1050390.0,,,,,,,,,,,,,,,,,,1030.0,1625.7279999999782,1.0,
537600.0,2841.0,4.0,629.0,,1.0,1050390.0,,,,,,,,,,,,,,,,,,1029.0,1572.1939999999856,1.0,
537600.0,2841.0,4.0,629.0,0.00587,1.0,1050390.0,,,0.0,1029.0,0.0,49.642590000008724,,,,,,,,,,,1.0,,,,
537600.0,2841.0,4.0,629.0,0.01174,1.0,1050390.0,,,0.0,1030.0,0.0,79.52089000001685,,,,,,,,,,,0.0,,,,
537600.0,2841.0,4.0,629.0,,1.0,1050390.0,,,,,,,,,19.99999999999232,1030.0,,,,,,,,,,,
537600.0,2841.0,4.0,629.0,,1.0,1050390.0,,,,,,,,,19.999999999999904,1029.0,,,,,,,,,,,
554400.0,2916.0,4.0,645.0,,1.0,1102348.0,,,,,,,1029.0,475.3914419403683,,,870.3337500002401,,,1.0,37.0,1.0,,,,,
554400.0,2916.0,4.0,645.0,,1.0,1102348.0,,,,,,,1030.0,475.41989026674185,,,876.892320000047,,,1.0,37.0,0.0,,,,,
554400.0,2916.0,4.0,645.0,,1.0,1102348.0,37.0,231.0,,,,,,,,,,85.0,1678.0,,,,,,,,6.0
554400.0,2916.0,4.0,645.0,,1.0,1102348.0,25.0,231.0,,,,,,,,,,72.0,130.0,,,,,,,,7.0
554400.0,2916.0,4.0,645.0,,1.0,1102348.0,13.0,231.0,,,,,,,,,,70.0,714.0,,,,,,,,5.0
554400.0,2916.0,4.0,645.0,,1.0,1102348.0,1.0,231.0,,,,,,,,,,99.0,1757.0,,,,,,,,15.0
554400.0,2916.0,4.0,645.0,,1.0,1102348.0,,,,,,,,,,,,,,,,,,1029.0,1602.2759999999842,1.0,
554400.0,2916.0,4.0,645.0,,1.0,1102348.0,,,,,,,,,,,,,,,,,,1030.0,1675.7649999999758,1.0,
554400.0,2916.0,4.0,645.0,0.00587,1.0,1102348.0,,,0.0,1029.0,0.0,49.642590000008724,,,,,,,,,,,1.0,,,,
554400.0,2916.0,4.0,645.0,0.01174,1.0,1102348.0,,,0.0,1030.0,0.0,79.52089000001685,,,,,,,,,,,0.0,,,,
554400.0,2916.0,4.0,645.0,,1.0,1102348.0,,,,,,,,,19.999999999999968,1029.0,,,,,,,,,,,
554400.0,2916.0,4.0,645.0,,1.0,1102348.0,,,,,,,,,19.999999999999062,1030.0,,,,,,,,,,,
571200.0,3016.0,4.0,665.0,,1.0,1143411.0,,,,,,,1029.0,476.6454632531238,,,877.6427700002233,,,1.0,37.0,1.0,,,,,
571200.0,3016.0,4.0,665.0,,1.0,1143411.0,,,,,,,1030.0,476.3919392811023,,,881.8066600000561,,,1.0,37.0,0.0,,,,,
571200.0,3016.0,4.0,665.0,,1.0,1143411.0,1.0,238.0,,,,,,,,,,99.0,1757.0,,,,,,,,15.0
571200.0,3016.0,4.0,665.0,,1.0,1143411.0,37.0,238.0,,,,,,,,,,85.0,1578.0,,,,,,,,6.0
571200.0,3016.0,4.0,665.0,,1.0,1143411.0,25.0,238.0,,,,,,,,,,72.0,130.0,,,,,,,,7.0
571200.0,3016.0,4.0,665.0,,1.0,1143411.0,13.0,238.0,,,,,,,,,,70.0,714.0,,,,,,,,5.0
571200.0,3016.0,4.0,665.0,,1.0,1143411.0,,,,,,,,,,,,,,,,,,1030.0,1730.4819999999736,1.0,
571200.0,3016.0,4.0,665.0,,1.0,1143411.0,,,,,,,,,,,,,,,,,,1029.0,1664.1559999999815,1.0,
571200.0,3016.0,4.0,665.0,0.00587,1.0,1143411.0,,,0.0,1029.0,0.0,49.642590000008724,,,,,,,,,,,1.0,,,,
571200.0,3016.0,4.0,665.0,0.01174,1.0,1143411.0,,,0.0,1030.0,0.0,79.52089000001685,,,,,,,,,,,0.0,,,,
571200.0,3016.0,4.0,665.0,,1.0,1143411.0,,,,,,,,,19.99999999999991,1030.0,,,,,,,,,,,
571200.0,3016.0,4.0,665.0,,1.0,1143411.0,,,,,,,,,19.999999999999968,1029.0,,,,,,,,,,,
588000.0,3079.0,4.0,679.0,,1.0,1189791.0,,,,,,,1030.0,476.3919392811023,,,877.9781600001467,,,1.0,37.0,0.0,,,,,
588000.0,3079.0,4.0,679.0,,1.0,1189791.0,,,,,,,1029.0,477.38555119774674,,,880.0557500002595,,,1.0,37.0,1.0,,,,,
588000.0,3079.0,4.0,679.0,,1.0,1189791.0,1.0,245.0,,,,,,,,,,67.0,1757.0,,,,,,,,18.0
588000.0,3079.0,4.0,679.0,,1.0,1189791.0,13.0,245.0,,,,,,,,,,93.0,714.0,,,,,,,,5.0
588000.0,3079.0,4.0,679.0,,1.0,1189791.0,25.0,245.0,,,,,,,,,,72.0,130.0,,,,,,,,7.0
588000.0,3079.0,4.0,679.0,,1.0,1189791.0,37.0,245.0,,,,,,,,,,91.0,1515.0,,,,,,,,7.0
588000.0,3079.0,4.0,679.0,,1.0,1189791.0,,,,,,,,,,,,,,,,,,1030.0,1775.5789999999724,1.0,
588000.0,3079.0,4.0,679.0,,1.0,1189791.0,,,,,,,,,,,,,,,,,,1029.0,1711.6449999999802,1.0,
588000.0,3079.0,4.0,679.0,0.00587,1.0,1189791.0,,,0.0,1029.0,0.0,49.642590000008724,,,,,,,,,,,1.0,,,,
588000.0,3079.0,4.0,679.0,0.01174,1.0,1189791.0,,,0.0,1030.0,0.0,79.52089000001685,,,,,,,,,,,0.0,,,,
588000.0,3079.0,4.0,679.0,,1.0,1189791.0,,,,,,,,,19.999999999999968,1029.0,,,,,,,,,,,
588000.0,3079.0,4.0,679.0,,1.0,1189791.0,,,,,,,,,19.999999999999968,1030.0,,,,,,,,,,,
604800.0,4633.0,4.0,695.0,,1.0,1238283.0,,,,,,,1030.0,477.04209209519115,,,880.1381200001795,,,1.0,37.0,0.0,,,,,
604800.0,4633.0,4.0,695.0,,1.0,1238283.0,,,,,,,1029.0,478.32713681720594,,,882.7540800003188,,,1.0,37.0,1.0,,,,,
604800.0,4633.0,4.0,695.0,,1.0,1238283.0,1.0,252.0,,,,,,,,,,67.0,1757.0,,,,,,,,18.0
604800.0,4633.0,4.0,695.0,,1.0,1238283.0,13.0,252.0,,,,,,,,,,93.0,714.0,,,,,,,,5.0
604800.0,4633.0,4.0,695.0,,1.0,1238283.0,25.0,252.0,,,,,,,,,,72.0,130.0,,,,,,,,7.0
604800.0,4633.0,4.0,695.0,,1.0,1238283.0,37.0,252.0,,,,,,,,,,91.0,2278.0,,,,,,,,7.0
604800.0,4633.0,4.0,695.0,,1.0,1238283.0,,,,,,,,,,,,,,,,,,1030.0,1840.6309999999403,1.0,
604800.0,4633.0,4.0,695.0,,1.0,1238283.0,,,,,,,,,,,,,,,,,,1029.0,1761.6689999998912,1.0,
604800.0,4633.0,4.0,695.0,0.01174,1.0,1238283.0,,,0.0,1030.0,0.0,79.52089000001685,,,,,,,,,,,0.0,,,,
604800.0,4633.0,4.0,695.0,0.00587,1.0,1238283.0,,,0.0,1029.0,0.0,49.642590000008724,,,,,,,,,,,1.0,,,,
604800.0,4633.0,4.0,695.0,,1.0,1238283.0,,,,,,,,,19.999999999999968,1029.0,,,,,,,,,,,
604800.0,4633.0,4.0,695.0,,1.0,1238283.0,,,,,,,,,19.999999999999968,1030.0,,,,,,,,,,,
621600.0,4697.0,4.0,715.0,,1.0,1285207.0,,,,,,,1029.0,478.7188579883854,,,880.346360000424,,,1.0,37.0,1.0,,,,,
621600.0,4697.0,4.0,715.0,,1.0,1285207.0,,,,,,,1030.0,478.7288735534471,,,892.5399000001105,,,1.0,37.0,0.0,,,,,
621600.0,4697.0,4.0,715.0,,1.0,1285207.0,13.0,259.0,,,,,,,,,,93.0,714.0,,,,,,,,5.0
621600.0,4697.0,4.0,715.0,,1.0,1285207.0,1.0,259.0,,,,,,,,,,67.0,1757.0,,,,,,,,18.0
621600.0,4697.0,4.0,715.0,,1.0,1285207.0,37.0,259.0,,,,,,,,,,91.0,2214.0,,,,,,,,7.0
621600.0,4697.0,4.0,715.0,,1.0,1285207.0,25.0,259.0,,,,,,,,,,72.0,130.0,,,,,,,,7.0
621600.0,4697.0,4.0,715.0,,1.0,1285207.0,,,,,,,,,,,,,,,,,,1030.0,1915.2249999999403,1.0,
621600.0,4697.0,4.0,715.0,,1.0,1285207.0,,,,,,,,,,,,,,,,,,1029.0,1800.3439999998911,1.0,
621600.0,4697.0,4.0,715.0,0.01174,1.0,1285207.0,,,0.0,1030.0,0.0,79.52089000001685,,,,,,,,,,,0.0,,,,
621600.0,4697.0,4.0,715.0,0.00587,1.0,1285207.0,,,0.0,1029.0,0.0,49.642590000008724,,,,,,,,,,,1.0,,,,
621600.0,4697.0,4.0,715.0,,1.0,1285207.0,,,,,,,,,19.999999999999968,1029.0,,,,,,,,,,,
621600.0,4697.0,4.0,715.0,,1.0,1285207.0,,,,,,,,,19.999999999999968,1030.0,,,,,,,,,,,
638400.0,4750.0,4.0,734.0,,1.0,1331606.0,,,,,,,1029.0,480.37937014816544,,,889.7131800004163,,,1.0,37.0,1.0,,,,,
638400.0,4750.0,4.0,734.0,,1.0,1331606.0,,,,,,,1030.0,480.4535267797241,,,902.0548000001123,,,1.0,37.0,0.0,,,,,
638400.0,4750.0,4.0,734.0,,1.0,1331606.0,1.0,266.0,,,,,,,,,,67.0,1757.0,,,,,,,,18.0
638400.0,4750.0,4.0,734.0,,1.0,1331606.0,37.0,266.0,,,,,,,,,,91.0,2161.0,,,,,,,,7.0
638400.0,4750.0,4.0,734.0,,1.0,1331606.0,13.0,266.0,,,,,,,,,,93.0,714.0,,,,,,,,5.0
638400.0,4750.0,4.0,734.0,,1.0,1331606.0,25.0,266.0,,,,,,,,,,72.0,130.0,,,,,,,,7.0
638400.0,4750.0,4.0,734.0,,1.0,1331606.0,,,,,,,,,,,,,,,,,,1029.0,1864.8759999998917,1.0,
638400.0,4750.0,4.0,734.0,,1.0,1331606.0,,,,,,,,,,,,,,,,,,1030.0,1969.2009999999404,1.0,
638400.0,4750.0,4.0,734.0,0.00587,1.0,1331606.0,,,0.0,1029.0,0.0,49.642590000008724,,,,,,,,,,,1.0,,,,
638400.0,4750.0,4.0,734.0,0.01174,1.0,1331606.0,,,0.0,1030.0,0.0,79.52089000001685,,,,,,,,,,,0.0,,,,
638400.0,4750.0,4.0,734.0,,1.0,1331606.0,,,,,,,,,19.999999999999968,1030.0,,,,,,,,,,,
638400.0,4750.0,4.0,734.0,,1.0,1331606.0,,,,,,,,,19.999999999999968,1029.0,,,,,,,,,,,
655200.0,4832.0,4.0,761.0,,1.0,1372294.0,,,,,,,1029.0,482.9115500331529,,,909.1406300002927,,,1.0,37.0,1.0,,,,,
655200.0,4832.0,4.0,761.0,,1.0,1372294.0,,,,,,,1030.0,483.1986863127021,,,922.0741700000057,,,1.0,37.0,0.0,,,,,
655200.0,4832.0,4.0,761.0,,1.0,1372294.0,1.0,273.0,,,,,,,,,,67.0,1757.0,,,,,,,,18.0
655200.0,4832.0,4.0,761.0,,1.0,1372294.0,25.0,273.0,,,,,,,,,,72.0,130.0,,,,,,,,7.0
655200.0,4832.0,4.0,761.0,,1.0,1372294.0,37.0,273.0,,,,,,,,,,91.0,2079.0,,,,,,,,7.0
655200.0,4832.0,4.0,761.0,,1.0,1372294.0,13.0,273.0,,,,,,,,,,93.0,714.0,,,,,,,,5.0
655200.0,4832.0,4.0,761.0,,1.0,1372294.0,,,,,,,,,,,,,,,,,,1029.0,1937.896999999892,1.0,
655200.0,4832.0,4.0,761.0,,1.0,1372294.0,,,,,,,,,,,,,,,,,,1030.0,2052.9599999999405,1.0,
655200.0,4832.0,4.0,761.0,0.01174,1.0,1372294.0,,,0.0,1030.0,0.0,79.52089000001685,,,,,,,,,,,0.0,,,,
655200.0,4832.0,4.0,761.0,0.00587,1.0,1372294.0,,,0.0,1029.0,0.0,49.642590000008724,,,,,,,,,,,1.0,,,,
655200.0,4832.0,4.0,761.0,,1.0,1372294.0,,,,,,,,,19.999999999999968,1029.0,,,,,,,,,,,
655200.0,4832.0,4.0,761.0,,1.0,1372294.0,,,,,,,,,19.999999999999968,1030.0,,,,,,,,,,,
672000.0,4923.0,4.0,786.0,,1.0,1419173.0,,,,,,,1029.0,484.6517468734977,,,921.1767900002445,,,1.0,37.0,1.0,,,,,
672000.0,4923.0,4.0,786.0,,1.0,1419173.0,,,,,,,1030.0,485.26944654124543,,,935.7791499999655,,,1.0,37.0,0.0,,,,,
672000.0,4923.0,4.0,786.0,,1.0,1419173.0,37.0,280.0,,,,,,,,,,88.0,1988.0,,,,,,,,8.0
672000.0,4923.0,4.0,786.0,,1.0,1419173.0,13.0,280.0,,,,,,,,,,88.0,714.0,,,,,,,,6.0
672000.0,4923.0,4.0,786.0,,1.0,1419173.0,1.0,280.0,,,,,,,,,,95.0,1757.0,,,,,,,,11.0
672000.0,4923.0,4.0,786.0,,1.0,1419173.0,25.0,280.0,,,,,,,,,,89.0,130.0,,,,,,,,7.0
672000.0,4923.0,4.0,786.0,,1.0,1419173.0,,,,,,,,,,,,,,,,,,1030.0,2120.0919999999396,1.0,
672000.0,4923.0,4.0,786.0,,1.0,1419173.0,,,,,,,,,,,,,,,,,,1029.0,2016.4559999998908,1.0,
672000.0,4923.0,4.0,786.0,0.01174,1.0,1419173.0,,,0.0,1030.0,0.0,79.52089000001685,,,,,,,,,,,0.0,,,,
672000.0,4923.0,4.0,786.0,0.00587,1.0,1419173.0,,,0.0,1029.0,0.0,49.642590000008724,,,,,,,,,,,1.0,,,,
672000.0,4923.0,4.0,786.0,,1.0,1419173.0,,,,,,,,,19.999999999999968,1029.0,,,,,,,,,,,
672000.0,4923.0,4.0,786.0,,1.0,1419173.0,,,,,,,,,19.999999999999968,1030.0,,,,,,,,,,,
688800.0,4996.0,4.0,810.0,,1.0,1473485.0,,,,,,,1029.0,485.3912124123962,,,923.3601200002915,,,1.0,37.0,1.0,,,,,
688800.0,4996.0,4.0,810.0,,1.0,1473485.0,,,,,,,1030.0,485.56105445477385,,,932.3416800000878,,,1.0,37.0,0.0,,,,,
688800.0,4996.0,4.0,810.0,,1.0,1473485.0,13.0,287.0,,,,,,,,,,88.0,714.0,,,,,,,,6.0
688800.0,4996.0,4.0,810.0,,1.0,1473485.0,37.0,287.0,,,,,,,,,,88.0,1915.0,,,,,,,,8.0
688800.0,4996.0,4.0,810.0,,1.0,1473485.0,1.0,287.0,,,,,,,,,,95.0,1757.0,,,,,,,,11.0
688800.0,4996.0,4.0,810.0,,1.0,1473485.0,25.0,287.0,,,,,,,,,,89.0,130.0,,,,,,,,7.0
688800.0,4996.0,4.0,810.0,,1.0,1473485.0,,,,,,,,,,,,,,,,,,1030.0,2168.5819999999385,1.0,
688800.0,4996.0,4.0,810.0,,1.0,1473485.0,,,,,,,,,,,,,,,,,,1029.0,2082.1969999998896,1.0,
688800.0,4996.0,4.0,810.0,0.01174,1.0,1473485.0,,,0.0,1030.0,0.0,79.52089000001685,,,,,,,,,,,0.0,,,,
688800.0,4996.0,4.0,810.0,0.00587,1.0,1473485.0,,,0.0,1029.0,0.0,49.642590000008724,,,,,,,,,,,1.0,,,,
688800.0,4996.0,4.0,810.0,,1.0,1473485.0,,,,,,,,,19.999999999999968,1030.0,,,,,,,,,,,
688800.0,4996.0,4.0,810.0,,1.0,1473485.0,,,,,,,,,19.999999999999968,1029.0,,,,,,,,,,,
705600.0,5079.0,4.0,834.0,,1.0,1527239.0,,,,,,,1029.0,485.9684548572328,,,922.8766900003774,,,1.0,37.0,1.0,,,,,
705600.0,5079.0,4.0,834.0,,1.0,1527239.0,,,,,,,1030.0,486.1850870878613,,,934.537920000124,,,1.0,37.0,0.0,,,,,
705600.0,5079.0,4.0,834.0,,1.0,1527239.0,25.0,294.0,,,,,,,,,,89.0,130.0,,,,,,,,7.0
705600.0,5079.0,4.0,834.0,,1.0,1527239.0,37.0,294.0,,,,,,,,,,88.0,1832.0,,,,,,,,8.0
705600.0,5079.0,4.0,834.0,,1.0,1527239.0,1.0,294.0,,,,,,,,,,95.0,1757.0,,,,,,,,11.0
705600.0,5079.0,4.0,834.0,,1.0,1527239.0,13.0,294.0,,,,,,,,,,88.0,714.0,,,,,,,,6.0
705600.0,5079.0,4.0,834.0,,1.0,1527239.0,,,,,,,,,,,,,,,,,,1029.0,2133.884999999889,1.0,
705600.0,5079.0,4.0,834.0,,1.0,1527239.0,,,,,,,,,,,,,,,,,,1030.0,2235.2459999999364,1.0,
705600.0,5079.0,4.0,834.0,0.01174,1.0,1527239.0,,,0.0,1030.0,0.0,79.52089000001685,,,,,,,,,,,0.0,,,,
705600.0,5079.0,4.0,834.0,0.00587,1.0,1527239.0,,,0.0,1029.0,0.0,49.642590000008724,,,,,,,,,,,1.0,,,,
705600.0,5079.0,4.0,834.0,,1.0,1527239.0,,,,,,,,,19.999999999999968,1030.0,,,,,,,,,,,
705600.0,5079.0,4.0,834.0,,1.0,1527239.0,,,,,,,,,19.999999999999968,1029.0,,,,,,,,,,,
722400.0,5168.0,4.0,859.0,,1.0,1581078.0,,,,,,,1029.0,486.5856061679175,,,923.8440000004389,,,1.0,37.0,1.0,,,,,
722400.0,5168.0,4.0,859.0,,1.0,1581078.0,,,,,,,1030.0,486.7898320528617,,,934.317310000212,,,1.0,37.0,0.0,,,,,
722400.0,5168.0,4.0,859.0,,1.0,1581078.0,13.0,301.0,,,,,,,,,,88.0,714.0,,,,,,,,6.0
722400.0,5168.0,4.0,859.0,,1.0,1581078.0,37.0,301.0,,,,,,,,,,88.0,1743.0,,,,,,,,8.0
722400.0,5168.0,4.0,859.0,,1.0,1581078.0,25.0,301.0,,,,,,,,,,89.0,130.0,,,,,,,,7.0
722400.0,5168.0,4.0,859.0,,1.0,1581078.0,1.0,301.0,,,,,,,,,,95.0,1757.0,,,,,,,,11.0
722400.0,5168.0,4.0,859.0,,1.0,1581078.0,,,,,,,,,,,,,,,,,,1030.0,2289.2869999999357,1.0,
722400.0,5168.0,4.0,859.0,,1.0,1581078.0,,,,,,,,,,,,,,,,,,1029.0,2196.7529999998874,1.0,
722400.0,5168.0,4.0,859.0,0.01174,1.0,1581078.0,,,0.0,1030.0,0.0,79.52089000001685,,,,,,,,,,,0.0,,,,
722400.0,5168.0,4.0,859.0,0.00587,1.0,1581078.0,,,0.0,1029.0,0.0,49.642590000008724,,,,,,,,,,,1.0,,,,
722400.0,5168.0,4.0,859.0,,1.0,1581078.0,,,,,,,,,19.999999999999968,1030.0,,,,,,,,,,,
722400.0,5168.0,4.0,859.0,,1.0,1581078.0,,,,,,,,,19.999999999999968,1029.0,,,,,,,,,,,
739200.0,5225.0,4.0,881.0,,1.0,1626788.0,,,,,,,1030.0,486.87657541277895,,,931.9554700002794,,,1.0,37.0,0.0,,,,,
739200.0,5225.0,4.0,881.0,,1.0,1626788.0,,,,,,,1029.0,487.16869343240535,,,925.3111600004842,,,1.0,37.0,1.0,,,,,
739200.0,5225.0,4.0,881.0,,1.0,1626788.0,13.0,308.0,,,,,,,,,,77.0,714.0,,,,,,,,5.0
739200.0,5225.0,4.0,881.0,,1.0,1626788.0,25.0,308.0,,,,,,,,,,77.0,130.0,,,,,,,,7.0
739200.0,5225.0,4.0,881.0,,1.0,1626788.0,37.0,308.0,,,,,,,,,,64.0,1686.0,,,,,,,,9.0
739200.0,5225.0,4.0,881.0,,1.0,1626788.0,1.0,308.0,,,,,,,,,,76.0,1757.0,,,,,,,,10.0
739200.0,5225.0,4.0,881.0,,1.0,1626788.0,,,,,,,,,,,,,,,,,,1030.0,2348.449999999935,1.0,
739200.0,5225.0,4.0,881.0,,1.0,1626788.0,,,,,,,,,,,,,,,,,,1029.0,2255.9029999998866,1.0,
739200.0,5225.0,4.0,881.0,0.00587,1.0,1626788.0,,,0.0,1029.0,0.0,49.642590000008724,,,,,,,,,,,1.0,,,,
739200.0,5225.0,4.0,881.0,0.01174,1.0,1626788.0,,,0.0,1030.0,0.0,79.52089000001685,,,,,,,,,,,0.0,,,,
739200.0,5225.0,4.0,881.0,,1.0,1626788.0,,,,,,,,,19.999999999999968,1029.0,,,,,,,,,,,
739200.0,5225.0,4.0,881.0,,1.0,1626788.0,,,,,,,,,19.999999999999968,1030.0,,,,,,,,,,,
756000.0,5286.0,4.0,904.0,,1.0,1666249.0,,,,,,,1029.0,487.176366165943,,,923.3717100005804,,,1.0,37.0,1.0,,,,,
756000.0,5286.0,4.0,904.0,,1.0,1666249.0,,,,,,,1030.0,487.58300310440615,,,935.2280200003013,,,1.0,37.0,0.0,,,,,
756000.0,5286.0,4.0,904.0,,1.0,1666249.0,1.0,315.0,,,,,,,,,,76.0,1757.0,,,,,,,,10.0
756000.0,5286.0,4.0,904.0,,1.0,1666249.0,13.0,315.0,,,,,,,,,,77.0,714.0,,,,,,,,5.0
756000.0,5286.0,4.0,904.0,,1.0,1666249.0,37.0,315.0,,,,,,,,,,64.0,1625.0,,,,,,,,9.0
756000.0,5286.0,4.0,904.0,,1.0,1666249.0,25.0,315.0,,,,,,,,,,77.0,130.0,,,,,,,,7.0
756000.0,5286.0,4.0,904.0,,1.0,1666249.0,,,,,,,,,,,,,,,,,,1029.0,2301.090999999886,1.0,
756000.0,5286.0,4.0,904.0,,1.0,1666249.0,,,,,,,,,,,,,,,,,,1030.0,2418.168999999933,1.0,
756000.0,5286.0,4.0,904.0,0.01174,1.0,1666249.0,,,0.0,1030.0,0.0,79.52089000001685,,,,,,,,,,,0.0,,,,
756000.0,5286.0,4.0,904.0,0.00587,1.0,1666249.0,,,0.0,1029.0,0.0,49.642590000008724,,,,,,,,,,,1.0,,,,
756000.0,5286.0,4.0,904.0,,1.0,1666249.0,,,,,,,,,19.999999999999968,1029.0,,,,,,,,,,,
756000.0,5286.0,4.0,904.0,,1.0,1666249.0,,,,,,,,,19.999999999999968,1030.0,,,,,,,,,,,
772800.0,5358.0,4.0,927.0,,1.0,1704394.0,,,,,,,1030.0,488.2754022673864,,,936.0043500003767,,,1.0,37.0,0.0,,,,,
772800.0,5358.0,4.0,927.0,,1.0,1704394.0,,,,,,,1029.0,488.1503014326619,,,931.7256800005716,,,1.0,37.0,1.0,,,,,
772800.0,5358.0,4.0,927.0,,1.0,1704394.0,13.0,322.0,,,,,,,,,,77.0,714.0,,,,,,,,5.0
772800.0,5358.0,4.0,927.0,,1.0,1704394.0,25.0,322.0,,,,,,,,,,77.0,130.0,,,,,,,,7.0
772800.0,5358.0,4.0,927.0,,1.0,1704394.0,37.0,322.0,,,,,,,,,,64.0,1553.0,,,,,,,,9.0
772800.0,5358.0,4.0,927.0,,1.0,1704394.0,1.0,322.0,,,,,,,,,,76.0,1757.0,,,,,,,,10.0
772800.0,5358.0,4.0,927.0,,1.0,1704394.0,,,,,,,,,,,,,,,,,,1030.0,2473.873999999932,1.0,
772800.0,5358.0,4.0,927.0,,1.0,1704394.0,,,,,,,,,,,,,,,,,,1029.0,2370.8099999998844,1.0,
772800.0,5358.0,4.0,927.0,0.00587,1.0,1704394.0,,,0.0,1029.0,0.0,49.642590000008724,,,,,,,,,,,1.0,,,,
772800.0,5358.0,4.0,927.0,0.01174,1.0,1704394.0,,,0.0,1030.0,0.0,79.52089000001685,,,,,,,,,,,0.0,,,,
772800.0,5358.0,4.0,927.0,,1.0,1704394.0,,,,,,,,,19.999999999999968,1029.0,,,,,,,,,,,
772800.0,5358.0,4.0,927.0,,1.0,1704394.0,,,,,,,,,19.999999999999968,1030.0,,,,,,,,,,,
789600.0,6945.0,4.0,948.0,,1.0,1739905.0,,,,,,,1029.0,489.7469869999957,,,943.1486500005343,,,1.0,37.0,1.0,,,,,
789600.0,6945.0,4.0,948.0,,1.0,1739905.0,,,,,,,1030.0,489.8686571572595,,,947.1470600003315,,,1.0,37.0,0.0,,,,,
789600.0,6945.0,4.0,948.0,,1.0,1739905.0,25.0,329.0,,,,,,,,,,77.0,130.0,,,,,,,,7.0
789600.0,6945.0,4.0,948.0,,1.0,1739905.0,37.0,329.0,,,,,,,,,,64.0,2283.0,,,,,,,,9.0
789600.0,6945.0,4.0,948.0,,1.0,1739905.0,1.0,329.0,,,,,,,,,,76.0,1757.0,,,,,,,,10.0
789600.0,6945.0,4.0,948.0,,1.0,1739905.0,13.0,329.0,,,,,,,,,,77.0,714.0,,,,,,,,5.0
789600.0,6945.0,4.0,948.0,,1.0,1739905.0,,,,,,,,,,,,,,,,,,1030.0,2550.24899999984,1.0,
789600.0,6945.0,4.0,948.0,,1.0,1739905.0,,,,,,,,,,,,,,,,,,1029.0,2449.6809999998536,1.0,
789600.0,6945.0,4.0,948.0,0.00587,1.0,1739905.0,,,0.0,1029.0,0.0,49.642590000008724,,,,,,,,,,,1.0,,,,
789600.0,6945.0,4.0,948.0,0.01174,1.0,1739905.0,,,0.0,1030.0,0.0,79.52089000001685,,,,,,,,,,,0.0,,,,
789600.0,6945.0,4.0,948.0,,1.0,1739905.0,,,,,,,,,19.999999999999968,1030.0,,,,,,,,,,,
789600.0,6945.0,4.0,948.0,,1.0,1739905.0,,,,,,,,,19.999999999999968,1029.0,,,,,,,,,,,
806400.0,7002.0,4.0,968.0,,1.0,1778267.0,,,,,,,1029.0,490.7325130645369,,,949.2983100005275,,,1.0,37.0,1.0,,,,,
806400.0,7002.0,4.0,968.0,,1.0,1778267.0,,,,,,,1030.0,491.92940653936006,,,960.870110000292,,,1.0,37.0,0.0,,,,,
806400.0,7002.0,4.0,968.0,,1.0,1778267.0,1.0,336.0,,,,,,,,,,80.0,1757.0,,,,,,,,8.0
806400.0,7002.0,4.0,968.0,,1.0,1778267.0,25.0,336.0,,,,,,,,,,84.0,130.0,,,,,,,,7.0
806400.0,7002.0,4.0,968.0,,1.0,1778267.0,37.0,336.0,,,,,,,,,,71.0,2226.0,,,,,,,,9.0
806400.0,7002.0,4.0,968.0,,1.0,1778267.0,13.0,336.0,,,,,,,,,,84.0,714.0,,,,,,,,7.0
806400.0,7002.0,4.0,968.0,,1.0,1778267.0,,,,,,,,,,,,,,,,,,1030.0,2615.32699999984,1.0,
806400.0,7002.0,4.0,968.0,,1.0,1778267.0,,,,,,,,,,,,,,,,,,1029.0,2514.992999999853,1.0,
806400.0,7002.0,4.0,968.0,0.01174,1.0,1778267.0,,,0.0,1030.0,0.0,79.52089000001685,,,,,,,,,,,0.0,,,,
806400.0,7002.0,4.0,968.0,0.00587,1.0,1778267.0,,,0.0,1029.0,0.0,49.642590000008724,,,,,,,,,,,1.0,,,,
806400.0,7002.0,4.0,968.0,,1.0,1778267.0,,,,,,,,,19.999999999999968,1029.0,,,,,,,,,,,
806400.0,7002.0,4.0,968.0,,1.0,1778267.0,,,,,,,,,19.999999999999968,1030.0,,,,,,,,,,,
823200.0,7071.0,4.0,994.0,,1.0,1820229.0,,,,,,,1030.0,492.41564725941487,,,962.4393800003254,,,1.0,37.0,0.0,,,,,
823200.0,7071.0,4.0,994.0,,1.0,1820229.0,,,,,,,1029.0,492.52201473321,,,961.0469600004985,,,1.0,37.0,1.0,,,,,
823200.0,7071.0,4.0,994.0,,1.0,1820229.0,25.0,343.0,,,,,,,,,,84.0,130.0,,,,,,,,7.0
823200.0,7071.0,4.0,994.0,,1.0,1820229.0,1.0,343.0,,,,,,,,,,80.0,1757.0,,,,,,,,8.0
823200.0,7071.0,4.0,994.0,,1.0,1820229.0,37.0,343.0,,,,,,,,,,71.0,2157.0,,,,,,,,9.0
823200.0,7071.0,4.0,994.0,,1.0,1820229.0,13.0,343.0,,,,,,,,,,84.0,714.0,,,,,,,,7.0
823200.0,7071.0,4.0,994.0,,1.0,1820229.0,,,,,,,,,,,,,,,,,,1030.0,2681.1849999998403,1.0,
823200.0,7071.0,4.0,994.0,,1.0,1820229.0,,,,,,,,,,,,,,,,,,1029.0,2608.176999999853,1.0,
823200.0,7071.0,4.0,994.0,0.00587,1.0,1820229.0,,,0.0,1029.0,0.0,49.642590000008724,,,,,,,,,,,1.0,,,,
823200.0,7071.0,4.0,994.0,0.01174,1.0,1820229.0,,,0.0,1030.0,0.0,79.52089000001685,,,,,,,,,,,0.0,,,,
823200.0,7071.0,4.0,994.0,,1.0,1820229.0,,,,,,,,,19.999999999999968,1029.0,,,,,,,,,,,
823200.0,7071.0,4.0,994.0,,1.0,1820229.0,,,,,,,,,19.999999999999968,1030.0,,,,,,,,,,,
840000.0,7128.0,4.0,1014.0,,1.0,1865782.0,,,,,,,1029.0,494.31461005345267,,,972.526050000482,,,1.0,37.0,1.0,,,,,
840000.0,7128.0,4.0,1014.0,,1.0,1865782.0,,,,,,,1030.0,493.7302617053124,,,970.920960000309,,,1.0,37.0,0.0,,,,,
840000.0,7128.0,4.0,1014.0,,1.0,1865782.0,13.0,350.0,,,,,,,,,,84.0,714.0,,,,,,,,7.0
840000.0,7128.0,4.0,1014.0,,1.0,1865782.0,1.0,350.0,,,,,,,,,,80.0,1757.0,,,,,,,,8.0
840000.0,7128.0,4.0,1014.0,,1.0,1865782.0,25.0,350.0,,,,,,,,,,84.0,130.0,,,,,,,,7.0
840000.0,7128.0,4.0,1014.0,,1.0,1865782.0,37.0,350.0,,,,,,,,,,71.0,2100.0,,,,,,,,9.0
840000.0,7128.0,4.0,1014.0,,1.0,1865782.0,,,,,,,,,,,,,,,,,,1030.0,2744.0269999998413,1.0,
840000.0,7128.0,4.0,1014.0,,1.0,1865782.0,,,,,,,,,,,,,,,,,,1029.0,2660.6839999998533,1.0,
840000.0,7128.0,4.0,1014.0,0.01174,1.0,1865782.0,,,0.0,1030.0,0.0,79.52089000001685,,,,,,,,,,,0.0,,,,
840000.0,7128.0,4.0,1014.0,0.00587,1.0,1865782.0,,,0.0,1029.0,0.0,49.642590000008724,,,,,,,,,,,1.0,,,,
840000.0,7128.0,4.0,1014.0,,1.0,1865782.0,,,,,,,,,19.999999999999968,1029.0,,,,,,,,,,,
840000.0,7128.0,4.0,1014.0,,1.0,1865782.0,,,,,,,,,19.999999999999968,1030.0,,,,,,,,,,,
856800.0,7203.0,4.0,1039.0,,1.0,1907959.0,,,,,,,1030.0,496.4517583300106,,,992.3564000001895,,,1.0,13.0,0.0,,,,,
856800.0,7203.0,4.0,1039.0,,1.0,1907959.0,,,,,,,1029.0,496.12309098962163,,,984.4953300004623,,,1.0,37.0,1.0,,,,,
856800.0,7203.0,4.0,1039.0,,1.0,1907959.0,25.0,357.0,,,,,,,,,,84.0,130.0,,,,,,,,7.0
856800.0,7203.0,4.0,1039.0,,1.0,1907959.0,1.0,357.0,,,,,,,,,,80.0,1757.0,,,,,,,,8.0
856800.0,7203.0,4.0,1039.0,,1.0,1907959.0,13.0,357.0,,,,,,,,,,84.0,688.0,,,,,,,,7.0
856800.0,7203.0,4.0,1039.0,,1.0,1907959.0,37.0,357.0,,,,,,,,,,71.0,2051.0,,,,,,,,9.0
856800.0,7203.0,4.0,1039.0,,1.0,1907959.0,,,,,,,,,,,,,,,,,,1030.0,2830.177999999841,1.0,
856800.0,7203.0,4.0,1039.0,,1.0,1907959.0,,,,,,,,,,,,,,,,,,1029.0,2730.1559999998544,1.0,
856800.0,7203.0,4.0,1039.0,0.00587,1.0,1907959.0,,,0.0,1029.0,0.0,49.642590000008724,,,,,,,,,,,1.0,,,,
856800.0,7203.0,4.0,1039.0,0.01174,1.0,1907959.0,,,0.0,1030.0,0.0,79.52089000001685,,,,,,,,,,,0.0,,,,
856800.0,7203.0,4.0,1039.0,,1.0,1907959.0,,,,,,,,,19.999999999999968,1030.0,,,,,,,,,,,
856800.0,7203.0,4.0,1039.0,,1.0,1907959.0,,,,,,,,,19.999999999999968,1029.0,,,,,,,,,,,
873600.0,7253.0,4.0,1054.0,,1.0,1962420.0,,,,,,,1029.0,496.6029976559879,,,981.0373500006122,,,1.0,13.0,1.0,,,,,
873600.0,7253.0,4.0,1054.0,,1.0,1962420.0,,,,,,,1030.0,496.5415553575446,,,988.5137500002955,,,1.0,13.0,0.0,,,,,
873600.0,7253.0,4.0,1054.0,,1.0,1962420.0,37.0,364.0,,,,,,,,,,71.0,2046.0,,,,,,,,9.0
873600.0,7253.0,4.0,1054.0,,1.0,1962420.0,13.0,364.0,,,,,,,,,,84.0,661.0,,,,,,,,7.0
873600.0,7253.0,4.0,1054.0,,1.0,1962420.0,1.0,364.0,,,,,,,,,,80.0,1739.0,,,,,,,,8.0
873600.0,7253.0,4.0,1054.0,,1.0,1962420.0,25.0,364.0,,,,,,,,,,84.0,130.0,,,,,,,,7.0
873600.0,7253.0,4.0,1054.0,,1.0,1962420.0,,,,,,,,,,,,,,,,,,1030.0,2883.4779999998395,1.0,
873600.0,7253.0,4.0,1054.0,,1.0,1962420.0,,,,,,,,,,,,,,,,,,1029.0,2763.2149999998533,1.0,
873600.0,7253.0,4.0,1054.0,0.00587,1.0,1962420.0,,,0.0,1029.0,0.0,49.642590000008724,,,,,,,,,,,1.0,,,,
873600.0,7253.0,4.0,1054.0,0.01174,1.0,1962420.0,,,0.0,1030.0,0.0,79.52089000001685,,,,,,,,,,,0.0,,,,
873600.0,7253.0,4.0,1054.0,,1.0,1962420.0,,,,,,,,,19.999999999999968,1029.0,,,,,,,,,,,
873600.0,7253.0,4.0,1054.0,,1.0,1962420.0,,,,,,,,,19.999999999999968,1030.0,,,,,,,,,,,
